-- phpMyAdmin SQL Dump
-- version 5.2.3
-- https://www.phpmyadmin.net/
--
-- Host: localhost:8889
-- Generation Time: Feb 16, 2026 at 07:09 PM
-- Server version: 8.0.44
-- PHP Version: 8.3.28

SET SQL_MODE = "NO_AUTO_VALUE_ON_ZERO";
START TRANSACTION;
SET time_zone = "+00:00";


/*!40101 SET @OLD_CHARACTER_SET_CLIENT=@@CHARACTER_SET_CLIENT */;
/*!40101 SET @OLD_CHARACTER_SET_RESULTS=@@CHARACTER_SET_RESULTS */;
/*!40101 SET @OLD_COLLATION_CONNECTION=@@COLLATION_CONNECTION */;
/*!40101 SET NAMES utf8mb4 */;

--
-- Database: `sgpa_pharmacy`
--

-- --------------------------------------------------------

--
-- Table structure for table `commande`
--

CREATE TABLE `commande` (
  `id` int NOT NULL,
  `fournisseur_id` int DEFAULT NULL,
  `date_commande` datetime DEFAULT CURRENT_TIMESTAMP,
  `statut` varchar(20) DEFAULT 'EN_ATTENTE'
) ENGINE=InnoDB DEFAULT CHARSET=utf8mb4 COLLATE=utf8mb4_unicode_ci;

--
-- Dumping data for table `commande`
--

INSERT INTO `commande` (`id`, `fournisseur_id`, `date_commande`, `statut`) VALUES
(1, 10, '2025-01-04 21:26:42', 'RECUE'),
(2, 6, '2025-01-04 23:39:30', 'RECUE'),
(3, 7, '2025-01-06 17:41:53', 'EN_ATTENTE'),
(4, 9, '2025-01-07 08:49:42', 'RECUE'),
(5, 10, '2025-01-11 09:24:49', 'RECUE'),
(6, 1, '2025-01-12 11:51:37', 'RECUE'),
(7, 10, '2025-01-12 17:23:29', 'RECUE'),
(8, 2, '2025-01-13 03:58:00', 'RECUE'),
(9, 2, '2025-01-14 22:58:09', 'EN_ATTENTE'),
(10, 7, '2025-01-25 01:56:58', 'EN_ATTENTE'),
(11, 5, '2025-02-02 21:14:57', 'EN_ATTENTE'),
(12, 2, '2025-02-03 20:39:02', 'EN_ATTENTE'),
(13, 8, '2025-02-07 21:33:58', 'EN_ATTENTE'),
(14, 10, '2025-02-18 18:20:18', 'RECUE'),
(15, 5, '2025-02-22 14:17:55', 'RECUE'),
(16, 3, '2025-02-23 08:52:47', 'RECUE'),
(17, 6, '2025-03-02 22:57:23', 'RECUE'),
(18, 4, '2025-03-12 13:16:04', 'RECUE'),
(19, 7, '2025-03-13 07:21:43', 'RECUE'),
(20, 5, '2025-03-14 17:24:28', 'EN_ATTENTE'),
(21, 6, '2025-03-16 12:32:23', 'RECUE'),
(22, 6, '2025-03-20 11:07:33', 'EN_ATTENTE'),
(23, 3, '2025-03-22 16:39:06', 'RECUE'),
(24, 8, '2025-03-26 10:30:58', 'RECUE'),
(25, 5, '2025-03-28 00:01:05', 'RECUE'),
(26, 8, '2025-03-28 08:53:07', 'RECUE'),
(27, 6, '2025-04-01 02:27:59', 'RECUE'),
(28, 10, '2025-04-06 07:11:50', 'RECUE'),
(29, 6, '2025-04-17 13:49:49', 'RECUE'),
(30, 2, '2025-04-18 15:37:05', 'RECUE'),
(31, 8, '2025-04-23 02:30:18', 'RECUE'),
(32, 9, '2025-04-23 15:26:10', 'RECUE'),
(33, 3, '2025-04-26 06:18:28', 'EN_ATTENTE'),
(34, 4, '2025-04-29 10:35:43', 'RECUE'),
(35, 2, '2025-04-29 16:39:44', 'RECUE'),
(36, 2, '2025-04-29 19:02:45', 'RECUE'),
(37, 7, '2025-05-07 22:39:19', 'RECUE'),
(38, 4, '2025-05-20 21:05:43', 'EN_ATTENTE'),
(39, 6, '2025-05-22 19:51:37', 'RECUE'),
(40, 9, '2025-05-23 21:58:56', 'RECUE'),
(41, 3, '2025-05-25 23:31:03', 'RECUE'),
(42, 2, '2025-05-26 13:09:42', 'RECUE'),
(43, 10, '2025-05-30 18:03:55', 'RECUE'),
(44, 4, '2025-06-14 06:56:37', 'RECUE'),
(45, 5, '2025-06-26 12:07:53', 'EN_ATTENTE'),
(46, 10, '2025-07-05 06:35:18', 'RECUE'),
(47, 10, '2025-07-05 22:26:39', 'RECUE'),
(48, 9, '2025-07-17 12:40:38', 'RECUE'),
(49, 6, '2025-07-31 07:50:29', 'RECUE'),
(50, 3, '2025-08-02 03:59:55', 'RECUE'),
(51, 7, '2025-08-04 20:11:46', 'RECUE'),
(52, 6, '2025-08-05 14:11:52', 'RECUE'),
(53, 5, '2025-08-07 06:21:56', 'EN_ATTENTE'),
(54, 4, '2025-08-07 09:50:20', 'RECUE'),
(55, 2, '2025-08-08 18:01:47', 'RECUE'),
(56, 5, '2025-08-09 22:13:06', 'RECUE'),
(57, 2, '2025-08-10 08:03:07', 'RECUE'),
(58, 10, '2025-08-17 01:42:00', 'RECUE'),
(59, 7, '2025-08-17 05:54:53', 'RECUE'),
(60, 10, '2025-09-07 04:45:26', 'RECUE'),
(61, 9, '2025-09-12 17:53:20', 'EN_ATTENTE'),
(62, 10, '2025-09-14 07:45:11', 'RECUE'),
(63, 8, '2025-09-16 13:30:11', 'RECUE'),
(64, 9, '2025-09-17 09:13:19', 'RECUE'),
(65, 7, '2025-09-17 20:10:51', 'RECUE'),
(66, 7, '2025-09-20 20:25:44', 'RECUE'),
(67, 9, '2025-09-22 09:14:45', 'RECUE'),
(68, 4, '2025-09-26 07:43:04', 'RECUE'),
(69, 2, '2025-09-26 21:53:35', 'RECUE'),
(70, 5, '2025-09-27 13:17:47', 'RECUE'),
(71, 6, '2025-10-06 09:21:09', 'RECUE'),
(72, 3, '2025-10-09 07:51:19', 'RECUE'),
(73, 4, '2025-10-10 02:51:15', 'RECUE'),
(74, 9, '2025-10-13 13:09:28', 'RECUE'),
(75, 3, '2025-10-21 12:25:39', 'RECUE'),
(76, 4, '2025-10-27 00:38:21', 'RECUE'),
(77, 6, '2025-10-28 13:09:40', 'RECUE'),
(78, 7, '2025-10-29 11:49:15', 'RECUE'),
(79, 8, '2025-11-09 02:07:25', 'RECUE'),
(80, 8, '2025-11-13 05:53:38', 'EN_ATTENTE'),
(81, 5, '2025-12-14 03:35:49', 'EN_ATTENTE'),
(82, 5, '2025-12-15 17:15:22', 'EN_ATTENTE'),
(83, 3, '2025-12-23 05:51:40', 'RECUE'),
(84, 9, '2025-12-27 00:13:21', 'EN_ATTENTE'),
(85, 2, '2025-12-29 03:34:11', 'RECUE'),
(86, 10, '2025-12-31 21:13:34', 'RECUE'),
(87, 6, '2026-01-03 18:21:06', 'RECUE'),
(88, 8, '2026-01-10 15:43:14', 'RECUE'),
(89, 4, '2026-01-13 11:01:23', 'RECUE'),
(90, 1, '2026-01-13 11:42:51', 'RECUE'),
(91, 9, '2026-01-14 04:25:44', 'RECUE'),
(92, 9, '2026-01-18 04:10:50', 'RECUE'),
(93, 9, '2026-01-21 09:22:15', 'RECUE'),
(94, 4, '2026-01-25 01:29:15', 'RECUE'),
(95, 10, '2026-01-27 03:43:00', 'EN_ATTENTE'),
(96, 7, '2026-01-27 05:06:11', 'RECUE'),
(97, 10, '2026-02-01 10:33:22', 'RECUE'),
(98, 8, '2026-02-03 10:09:03', 'RECUE'),
(99, 3, '2026-02-10 01:06:07', 'RECUE'),
(100, 7, '2026-02-11 00:03:03', 'RECUE'),
(101, 7, '2026-02-15 14:19:43', 'EN_ATTENTE'),
(102, 10, '2026-02-15 14:30:22', 'RECUE'),
(103, 7, '2026-02-15 14:31:01', 'RECUE'),
(104, 6, '2026-02-15 14:47:32', 'RECUE'),
(105, 4, '2026-02-16 16:11:17', 'EN_ATTENTE'),
(106, 6, '2026-02-16 16:19:10', 'RECUE'),
(107, 5, '2026-02-16 16:22:44', 'RECUE'),
(108, 4, '2026-02-16 16:51:26', 'RECUE'),
(109, 4, '2026-02-16 16:53:25', 'RECUE'),
(110, 2, '2026-02-16 17:27:24', 'EN_ATTENTE');

-- --------------------------------------------------------

--
-- Table structure for table `fournisseur`
--

CREATE TABLE `fournisseur` (
  `id` int NOT NULL,
  `nom` varchar(100) NOT NULL,
  `contact` varchar(100) DEFAULT NULL,
  `email` varchar(100) DEFAULT NULL,
  `adresse` text
) ENGINE=InnoDB DEFAULT CHARSET=utf8mb4 COLLATE=utf8mb4_unicode_ci;

--
-- Dumping data for table `fournisseur`
--

INSERT INTO `fournisseur` (`id`, `nom`, `contact`, `email`, `adresse`) VALUES
(1, 'Pfizer France', '02 27 28 98 66', 'contact@pfizer.com', '95 Rue de la Santé, Lille'),
(2, 'Sanofi Aventis', '01 44 58 91 78', 'contact@sanofi.com', '102 Rue de la Santé, Bordeaux'),
(3, 'Bayer Healthcare', '09 45 67 38 80', 'contact@bayer.com', '116 Rue de la Santé, Lyon'),
(4, 'Novartis Pharma', '09 38 22 52 54', 'contact@novartis.com', '146 Rue de la Santé, Toulouse'),
(5, 'Roche SAS', '04 12 51 14 94', 'contact@roche.com', '94 Rue de la Santé, Nantes'),
(6, 'GlaxoSmithKline', '01 46 62 67 21', 'contact@glaxosmithkline.com', '66 Rue de la Santé, Lyon'),
(7, 'AstraZeneca', '07 78 15 13 46', 'contact@astrazeneca.com', '14 Rue de la Santé, Marseille'),
(8, 'Mylan SAS', '09 57 62 97 37', 'contact@mylan.com', '102 Rue de la Santé, Lyon'),
(9, 'Teva Santé', '08 31 28 40 24', 'contact@teva.com', '82 Rue de la Santé, Paris'),
(10, 'Johnson & Johnson', '05 75 40 19 51', 'contact@johnson.com', '94 Rue de la Santé, Lyon');

-- --------------------------------------------------------

--
-- Table structure for table `journal_activite`
--

CREATE TABLE `journal_activite` (
  `id` int NOT NULL,
  `utilisateur_id` int DEFAULT NULL,
  `action` varchar(255) DEFAULT NULL,
  `date_action` datetime DEFAULT CURRENT_TIMESTAMP
) ENGINE=InnoDB DEFAULT CHARSET=utf8mb4 COLLATE=utf8mb4_unicode_ci;

--
-- Dumping data for table `journal_activite`
--

INSERT INTO `journal_activite` (`id`, `utilisateur_id`, `action`, `date_action`) VALUES
(1, 4, 'Réinitialisation du système de test', '2026-01-04 23:44:40'),
(2, 4, 'Connexion au système', '2026-01-04 23:44:49'),
(3, 4, 'Connexion au système', '2026-01-04 23:47:36'),
(4, 4, 'Connexion au système', '2026-01-04 23:48:43'),
(5, 5, 'Connexion au système', '2026-01-04 23:49:54'),
(6, 4, 'Génération des données de test', '2026-01-04 23:52:33'),
(7, 4, 'Connexion au système', '2026-01-04 23:52:46'),
(8, 4, 'Connexion au système', '2026-01-04 23:58:24'),
(9, 4, 'Connexion au système', '2026-01-05 00:04:12'),
(10, 4, 'Connexion au système', '2026-01-05 00:15:01'),
(11, 4, 'Connexion au système', '2026-01-05 00:16:20'),
(12, 4, 'Connexion au système', '2026-01-05 00:18:34'),
(13, 4, 'Connexion au système', '2026-01-05 00:22:01'),
(14, 4, 'Connexion au système', '2026-01-05 00:24:45'),
(15, 4, 'Connexion au système', '2026-01-05 00:25:01'),
(16, 4, 'Connexion au système', '2026-01-05 08:15:03'),
(17, 4, 'Connexion au système', '2026-01-06 14:38:57'),
(18, 4, 'Connexion au système', '2026-02-08 14:41:27'),
(19, 4, 'Connexion au système', '2026-02-08 15:24:59'),
(20, 4, 'Connexion au système', '2026-02-08 15:40:36'),
(21, 4, 'Nouvelle Vente validée. Montant: 86.0€', '2026-02-08 15:43:52'),
(22, 4, 'Nouvelle Vente validée. Montant: 31.6€', '2026-02-08 15:44:16'),
(23, 4, 'Connexion au système', '2026-02-09 10:25:48'),
(24, 4, 'Connexion au système', '2026-02-15 00:52:47'),
(25, 4, 'Connexion au système', '2026-02-15 00:59:31'),
(26, 4, 'Connexion au système', '2026-02-15 01:03:14'),
(27, 4, 'Connexion au système', '2026-02-15 01:06:56'),
(28, 4, 'Connexion au système', '2026-02-15 01:07:00'),
(29, 4, 'Connexion au système', '2026-02-15 01:07:18'),
(30, 4, 'Connexion au système', '2026-02-15 01:07:47'),
(31, 4, 'Connexion au système', '2026-02-15 01:09:21'),
(32, 4, 'Connexion au système', '2026-02-15 01:09:34'),
(33, 4, 'Connexion au système', '2026-02-15 01:10:47'),
(34, 4, 'Connexion au système', '2026-02-15 01:10:59'),
(35, 4, 'Connexion au système', '2026-02-15 01:16:17'),
(36, 4, 'Connexion au système', '2026-02-15 01:18:17'),
(37, 4, 'Connexion au système', '2026-02-15 01:26:06'),
(38, 4, 'Connexion au système', '2026-02-15 01:41:53'),
(39, 7, 'Connexion au système', '2026-02-15 01:42:58'),
(40, 4, 'Connexion au système', '2026-02-15 01:49:08'),
(41, 4, 'Connexion au système', '2026-02-15 01:51:36'),
(42, 4, 'Connexion au système', '2026-02-15 01:54:14'),
(43, 4, 'Connexion au système', '2026-02-15 01:54:24'),
(44, 4, 'Connexion au système', '2026-02-15 01:56:31'),
(45, 4, 'Connexion au système', '2026-02-15 10:02:16'),
(46, 4, 'Connexion au système', '2026-02-15 10:02:19'),
(47, 4, 'Connexion au système', '2026-02-15 10:03:31'),
(48, 4, 'Connexion au système', '2026-02-15 10:04:55'),
(49, 4, 'Connexion au système', '2026-02-15 10:07:23'),
(50, 4, 'Connexion au système', '2026-02-15 10:09:38'),
(51, 4, 'Connexion au système', '2026-02-15 10:10:37'),
(52, 4, 'Connexion au système', '2026-02-15 10:12:57'),
(53, 4, 'Connexion au système', '2026-02-15 10:14:07'),
(54, 4, 'Connexion au système', '2026-02-15 10:18:35'),
(55, 4, 'Connexion au système', '2026-02-15 10:19:55'),
(56, 4, 'Connexion au système', '2026-02-15 10:21:20'),
(57, 4, 'Connexion au système', '2026-02-15 10:23:47'),
(58, 4, 'Connexion au système', '2026-02-15 10:28:27'),
(59, 4, 'Connexion au système', '2026-02-15 10:30:30'),
(60, 4, 'Connexion au système', '2026-02-15 10:31:52'),
(61, 4, 'Connexion au système', '2026-02-15 10:34:10'),
(62, 4, 'Connexion au système', '2026-02-15 10:39:41'),
(63, 4, 'Connexion au système', '2026-02-15 10:42:21'),
(64, 4, 'Connexion au système', '2026-02-15 10:44:01'),
(65, 4, 'Connexion au système', '2026-02-15 10:48:55'),
(66, 4, 'Connexion au système', '2026-02-15 10:53:51'),
(67, 4, 'Réception commande ID: 7 - Stock mis à jour.', '2026-02-15 10:54:06'),
(68, 4, 'Réception commande ID: 6 - Stock mis à jour.', '2026-02-15 10:54:09'),
(69, 4, 'Réception commande ID: 4 - Stock mis à jour.', '2026-02-15 10:54:12'),
(70, 4, 'Réception commande ID: 2 - Stock mis à jour.', '2026-02-15 10:54:14'),
(71, 4, 'Réception commande ID: 8 - Stock mis à jour.', '2026-02-15 10:54:49'),
(72, 4, 'Réception commande ID: 5 - Stock mis à jour.', '2026-02-15 10:54:53'),
(73, 4, 'Connexion au système', '2026-02-15 11:03:47'),
(74, 4, 'Connexion au système', '2026-02-15 11:07:45'),
(75, 7, 'Connexion au système', '2026-02-15 11:08:20'),
(76, 4, 'Connexion au système', '2026-02-15 11:17:25'),
(77, 4, 'Connexion au système', '2026-02-15 11:25:43'),
(78, 7, 'Connexion au système', '2026-02-15 11:28:12'),
(79, 4, 'Connexion au système', '2026-02-15 11:31:41'),
(80, 4, 'Connexion au système', '2026-02-15 11:32:53'),
(81, 4, 'Connexion au système', '2026-02-15 11:35:03'),
(82, 4, 'Connexion au système', '2026-02-15 11:42:11'),
(83, 7, 'Connexion au système', '2026-02-15 11:45:56'),
(84, 7, 'Nouvelle Vente validée. Montant: 39.5€', '2026-02-15 11:48:18'),
(85, 4, 'Connexion au système', '2026-02-15 12:06:50'),
(86, 4, 'Connexion au système', '2026-02-15 12:13:32'),
(87, 4, 'Connexion au système', '2026-02-15 12:17:48'),
(88, 4, 'Connexion au système', '2026-02-15 12:20:14'),
(89, 7, 'Connexion au système', '2026-02-15 12:20:35'),
(90, 4, 'Connexion au système', '2026-02-15 12:24:54'),
(91, 4, 'Connexion au système', '2026-02-15 12:35:50'),
(92, 7, 'Connexion au système', '2026-02-15 12:40:43'),
(93, 7, 'Connexion au système', '2026-02-15 12:40:48'),
(94, 4, 'Connexion au système', '2026-02-15 12:41:36'),
(95, 7, 'Connexion au système', '2026-02-15 12:43:24'),
(96, 7, 'Connexion au système', '2026-02-15 12:43:37'),
(97, 4, 'Connexion au système', '2026-02-15 12:56:07'),
(98, 4, 'Connexion au système', '2026-02-15 13:03:57'),
(99, 4, 'Connexion au système', '2026-02-15 13:04:50'),
(100, 4, 'Connexion au système', '2026-02-15 13:05:23'),
(101, 4, 'Connexion au système', '2026-02-15 13:06:10'),
(102, 4, 'Connexion au système', '2026-02-15 13:11:32'),
(103, 4, 'Connexion au système', '2026-02-15 13:15:45'),
(104, 7, 'Connexion au système', '2026-02-15 13:17:33'),
(105, 4, 'Connexion au système', '2026-02-15 13:20:56'),
(106, 4, 'Connexion au système', '2026-02-15 13:21:38'),
(107, 4, 'Connexion au système', '2026-02-15 13:23:11'),
(108, 4, 'Nouvelle Vente validée. Montant: 148.10000000000002€', '2026-02-15 13:23:49'),
(109, 4, 'Réception commande ID: 98 - Stock mis à jour.', '2026-02-15 13:24:55'),
(110, 4, 'Connexion au système', '2026-02-15 13:32:37'),
(111, 4, 'Connexion au système', '2026-02-15 13:33:20'),
(112, 4, 'Réception commande ID: 93 - Stock mis à jour.', '2026-02-15 13:33:40'),
(113, 4, 'Connexion au système', '2026-02-15 13:45:10'),
(114, 4, 'Connexion au système', '2026-02-15 13:50:28'),
(115, 4, 'Connexion au système', '2026-02-15 13:53:02'),
(116, 4, 'Connexion au système', '2026-02-15 14:01:56'),
(117, 4, 'Connexion au système', '2026-02-15 14:14:47'),
(118, 4, 'Nouvelle Vente validée. Montant: 48.0€', '2026-02-15 14:15:41'),
(119, 7, 'Connexion au système', '2026-02-15 14:17:12'),
(120, 7, 'Nouvelle Vente validée. Montant: 4.08€', '2026-02-15 14:17:22'),
(121, 7, 'Connexion au système', '2026-02-15 14:18:25'),
(122, 7, 'Nouvelle Vente validée. Montant: 6.67€', '2026-02-15 14:18:33'),
(123, 7, 'Réception commande ID: 97 - Stock mis à jour.', '2026-02-15 14:19:29'),
(124, 4, 'Connexion au système', '2026-02-15 14:24:26'),
(125, 4, 'Connexion au système', '2026-02-15 14:27:27'),
(126, 4, 'Réception commande ID: 102 - Stock mis à jour.', '2026-02-15 14:30:33'),
(127, 4, 'Réception commande ID: 103 - Stock mis à jour.', '2026-02-15 14:31:06'),
(128, 4, 'Nouvelle Vente validée. Montant: 320.0€', '2026-02-15 14:31:34'),
(129, 7, 'Connexion au système', '2026-02-15 14:36:36'),
(130, 7, 'Connexion au système', '2026-02-15 14:37:19'),
(131, 4, 'Connexion au système', '2026-02-15 14:41:16'),
(132, 4, 'Nouvelle Vente validée. Montant: 34.08€', '2026-02-15 14:46:27'),
(133, 4, 'Réception commande ID: 104 - Stock mis à jour.', '2026-02-15 14:47:37'),
(134, 9, 'Connexion au système', '2026-02-15 14:48:50'),
(135, 4, 'Connexion au système', '2026-02-15 14:56:51'),
(136, 7, 'Connexion au système', '2026-02-15 14:58:59'),
(137, 4, 'Connexion au système', '2026-02-15 15:01:20'),
(138, 4, 'Connexion au système', '2026-02-15 15:02:34'),
(139, 7, 'Connexion au système', '2026-02-15 15:02:42'),
(140, 4, 'Connexion au système', '2026-02-15 15:02:52'),
(141, 4, 'Connexion au système', '2026-02-15 15:05:34'),
(142, 4, 'Connexion au système', '2026-02-15 15:09:01'),
(143, 4, 'Connexion au système', '2026-02-15 15:10:42'),
(144, 7, 'Connexion au système', '2026-02-16 15:55:49'),
(145, 7, 'Connexion au système', '2026-02-16 16:00:53'),
(146, 7, 'Connexion au système', '2026-02-16 16:01:05'),
(147, 7, 'Connexion au système', '2026-02-16 16:06:34'),
(148, 7, 'Connexion au système', '2026-02-16 16:10:40'),
(149, 7, 'Connexion au système', '2026-02-16 16:15:35'),
(150, 7, 'Connexion au système', '2026-02-16 16:18:29'),
(151, 7, 'Connexion au système', '2026-02-16 16:22:18'),
(152, 7, 'Connexion au système', '2026-02-16 16:26:36'),
(153, 7, 'Connexion au système', '2026-02-16 16:31:56'),
(154, 7, 'Connexion au système', '2026-02-16 16:33:23'),
(155, 7, 'Connexion au système', '2026-02-16 16:39:46'),
(156, 7, 'Connexion au système', '2026-02-16 16:45:06'),
(157, 7, 'Connexion au système', '2026-02-16 16:50:06'),
(158, 7, 'Connexion au système', '2026-02-16 16:51:17'),
(159, 7, 'Connexion au système', '2026-02-16 16:52:29'),
(160, 7, 'Nouvelle Vente validée. Montant: 1267.3€', '2026-02-16 16:53:11'),
(161, 7, 'Connexion au système', '2026-02-16 16:54:47'),
(162, 7, 'Connexion au système', '2026-02-16 17:23:50'),
(163, 4, 'Connexion au système', '2026-02-16 17:28:20'),
(164, 7, 'Connexion au système', '2026-02-16 17:31:33'),
(165, 7, 'Connexion au système', '2026-02-16 17:32:17'),
(166, 7, 'Connexion au système', '2026-02-16 17:35:36'),
(167, 7, 'Connexion au système', '2026-02-16 17:37:26'),
(168, 7, 'Connexion au système', '2026-02-16 17:38:06'),
(169, 7, 'Connexion au système', '2026-02-16 17:40:00'),
(170, 7, 'Connexion au système', '2026-02-16 19:05:41'),
(171, 4, 'Connexion au système', '2026-02-16 19:16:39'),
(172, 7, 'Connexion au système', '2026-02-16 19:16:59'),
(173, 7, 'Connexion au système', '2026-02-16 19:25:44'),
(174, 7, 'Connexion au système', '2026-02-16 19:26:23'),
(175, 7, 'Connexion au système', '2026-02-16 19:50:58'),
(176, 4, 'Connexion au système', '2026-02-16 19:51:07'),
(177, 4, 'Connexion au système', '2026-02-16 19:52:08'),
(178, 7, 'Connexion au système', '2026-02-16 19:55:48');

-- --------------------------------------------------------

--
-- Table structure for table `ligne_commande`
--

CREATE TABLE `ligne_commande` (
  `id` int NOT NULL,
  `commande_id` int DEFAULT NULL,
  `medicament_id` int DEFAULT NULL,
  `quantite_commandee` int DEFAULT NULL,
  `prix_achat_accorde` decimal(10,2) DEFAULT NULL
) ENGINE=InnoDB DEFAULT CHARSET=utf8mb4 COLLATE=utf8mb4_unicode_ci;

--
-- Dumping data for table `ligne_commande`
--

INSERT INTO `ligne_commande` (`id`, `commande_id`, `medicament_id`, `quantite_commandee`, `prix_achat_accorde`) VALUES
(1, 1, 21, 47, 1.38),
(2, 1, 23, 91, 3.56),
(3, 2, 12, 56, 1.85),
(4, 2, 27, 49, 4.13),
(5, 3, 11, 99, 3.48),
(6, 4, 29, 99, 4.24),
(7, 4, 22, 18, 2.02),
(8, 4, 2, 41, 2.05),
(9, 5, 23, 60, 3.56),
(10, 5, 21, 30, 1.38),
(11, 5, 15, 10, 8.73),
(12, 5, 1, 82, 1.50),
(13, 6, 5, 98, 2.14),
(14, 6, 32, 31, 1.89),
(15, 6, 36, 12, 1.65),
(16, 6, 37, 35, 3.16),
(17, 7, 15, 16, 8.73),
(18, 7, 23, 68, 3.56),
(19, 8, 50, 58, 2.85),
(20, 8, 8, 18, 2.73),
(21, 9, 26, 57, 2.74),
(22, 9, 44, 76, 2.06),
(23, 10, 3, 91, 3.49),
(24, 10, 11, 98, 3.48),
(25, 11, 4, 45, 2.24),
(26, 11, 49, 82, 4.11),
(27, 11, 18, 59, 3.41),
(28, 11, 38, 27, 3.17),
(29, 11, 10, 54, 2.81),
(30, 12, 8, 80, 2.73),
(31, 12, 26, 58, 2.74),
(32, 12, 50, 49, 2.85),
(33, 13, 30, 45, 3.36),
(34, 13, 35, 69, 8.47),
(35, 13, 25, 88, 2.25),
(36, 14, 1, 30, 1.50),
(37, 15, 40, 83, 6.36),
(38, 16, 24, 13, 2.30),
(39, 16, 34, 31, 15.59),
(40, 16, 45, 23, 2.04),
(41, 16, 46, 11, 3.30),
(42, 17, 19, 89, 2.27),
(43, 17, 31, 27, 3.49),
(44, 17, 20, 77, 6.52),
(45, 18, 28, 61, 2.57),
(46, 18, 41, 74, 1.54),
(47, 19, 3, 47, 3.49),
(48, 19, 11, 18, 3.48),
(49, 20, 10, 92, 2.81),
(50, 21, 19, 84, 2.27),
(51, 21, 27, 35, 4.13),
(52, 22, 19, 74, 2.27),
(53, 22, 9, 57, 3.78),
(54, 22, 12, 39, 1.85),
(55, 22, 31, 48, 3.49),
(56, 22, 17, 94, 3.34),
(57, 23, 24, 47, 2.30),
(58, 23, 13, 48, 1.96),
(59, 23, 14, 73, 14.88),
(60, 24, 43, 22, 3.48),
(61, 24, 25, 74, 2.25),
(62, 25, 4, 74, 2.24),
(63, 25, 40, 16, 6.36),
(64, 25, 7, 69, 4.62),
(65, 25, 18, 21, 3.41),
(66, 25, 38, 99, 3.17),
(67, 26, 39, 45, 2.39),
(68, 26, 43, 34, 3.48),
(69, 26, 30, 94, 3.36),
(70, 27, 19, 13, 2.27),
(71, 27, 9, 20, 3.78),
(72, 28, 15, 72, 8.73),
(73, 28, 1, 99, 1.50),
(74, 28, 23, 78, 3.56),
(75, 28, 21, 30, 1.38),
(76, 29, 9, 72, 3.78),
(77, 29, 31, 14, 3.49),
(78, 30, 50, 74, 2.85),
(79, 30, 26, 41, 2.74),
(80, 30, 8, 67, 2.73),
(81, 31, 48, 56, 2.65),
(82, 31, 30, 60, 3.36),
(83, 31, 43, 26, 3.48),
(84, 31, 39, 22, 2.39),
(85, 32, 6, 51, 2.93),
(86, 32, 42, 62, 1.98),
(87, 32, 29, 19, 4.24),
(88, 32, 2, 28, 2.05),
(89, 32, 22, 76, 2.02),
(90, 33, 14, 61, 14.88),
(91, 33, 24, 84, 2.30),
(92, 33, 34, 65, 15.59),
(93, 33, 45, 58, 2.04),
(94, 34, 41, 45, 1.54),
(95, 35, 44, 36, 2.06),
(96, 35, 33, 54, 1.62),
(97, 35, 8, 10, 2.73),
(98, 35, 50, 68, 2.85),
(99, 35, 26, 16, 2.74),
(100, 36, 26, 79, 2.74),
(101, 36, 8, 31, 2.73),
(102, 36, 44, 50, 2.06),
(103, 36, 50, 46, 2.85),
(104, 36, 33, 23, 1.62),
(105, 37, 3, 58, 3.49),
(106, 37, 11, 44, 3.48),
(107, 38, 41, 47, 1.54),
(108, 38, 28, 57, 2.57),
(109, 39, 12, 98, 1.85),
(110, 39, 19, 38, 2.27),
(111, 40, 2, 53, 2.05),
(112, 40, 42, 69, 1.98),
(113, 40, 29, 55, 4.24),
(114, 41, 46, 30, 3.30),
(115, 42, 26, 29, 2.74),
(116, 42, 8, 39, 2.73),
(117, 43, 15, 82, 8.73),
(118, 43, 23, 95, 3.56),
(119, 44, 41, 64, 1.54),
(120, 44, 28, 90, 2.57),
(121, 45, 4, 44, 2.24),
(122, 46, 15, 98, 8.73),
(123, 46, 23, 68, 3.56),
(124, 46, 1, 16, 1.50),
(125, 46, 21, 41, 1.38),
(126, 47, 23, 61, 3.56),
(127, 47, 21, 59, 1.38),
(128, 47, 15, 19, 8.73),
(129, 48, 22, 57, 2.02),
(130, 49, 9, 50, 3.78),
(131, 49, 12, 27, 1.85),
(132, 49, 20, 59, 6.52),
(133, 50, 13, 35, 1.96),
(134, 50, 24, 26, 2.30),
(135, 51, 3, 32, 3.49),
(136, 51, 11, 75, 3.48),
(137, 52, 20, 14, 6.52),
(138, 52, 27, 70, 4.13),
(139, 53, 18, 14, 3.41),
(140, 53, 49, 81, 4.11),
(141, 53, 7, 72, 4.62),
(142, 54, 28, 73, 2.57),
(143, 54, 41, 63, 1.54),
(144, 55, 44, 67, 2.06),
(145, 55, 26, 97, 2.74),
(146, 55, 8, 81, 2.73),
(147, 56, 18, 91, 3.41),
(148, 56, 7, 32, 4.62),
(149, 57, 44, 90, 2.06),
(150, 57, 50, 89, 2.85),
(151, 58, 21, 25, 1.38),
(152, 58, 1, 35, 1.50),
(153, 59, 11, 78, 3.48),
(154, 60, 1, 11, 1.50),
(155, 60, 21, 21, 1.38),
(156, 61, 6, 24, 2.93),
(157, 61, 29, 13, 4.24),
(158, 61, 22, 71, 2.02),
(159, 61, 42, 32, 1.98),
(160, 62, 21, 86, 1.38),
(161, 63, 25, 67, 2.25),
(162, 64, 2, 30, 2.05),
(163, 64, 29, 43, 4.24),
(164, 65, 11, 44, 3.48),
(165, 65, 3, 28, 3.49),
(166, 66, 11, 10, 3.48),
(167, 66, 3, 53, 3.49),
(168, 67, 22, 67, 2.02),
(169, 67, 42, 74, 1.98),
(170, 67, 29, 83, 4.24),
(171, 67, 2, 32, 2.05),
(172, 67, 6, 64, 2.93),
(173, 68, 28, 66, 2.57),
(174, 69, 33, 89, 1.62),
(175, 69, 26, 56, 2.74),
(176, 70, 49, 23, 4.11),
(177, 70, 40, 60, 6.36),
(178, 70, 18, 49, 3.41),
(179, 71, 17, 16, 3.34),
(180, 71, 19, 31, 2.27),
(181, 71, 9, 88, 3.78),
(182, 71, 20, 45, 6.52),
(183, 72, 47, 25, 4.76),
(184, 72, 14, 96, 14.88),
(185, 72, 45, 79, 2.04),
(186, 72, 46, 49, 3.30),
(187, 72, 34, 78, 15.59),
(188, 73, 28, 69, 2.57),
(189, 73, 41, 42, 1.54),
(190, 74, 6, 48, 2.93),
(191, 74, 42, 58, 1.98),
(192, 75, 14, 51, 14.88),
(193, 75, 46, 32, 3.30),
(194, 75, 45, 100, 2.04),
(195, 75, 24, 100, 2.30),
(196, 75, 47, 59, 4.76),
(197, 76, 28, 67, 2.57),
(198, 76, 41, 73, 1.54),
(199, 77, 31, 50, 3.49),
(200, 77, 17, 23, 3.34),
(201, 77, 19, 17, 2.27),
(202, 77, 12, 80, 1.85),
(203, 77, 9, 36, 3.78),
(204, 78, 3, 16, 3.49),
(205, 78, 11, 57, 3.48),
(206, 79, 16, 81, 1.48),
(207, 79, 35, 99, 8.47),
(208, 80, 25, 46, 2.25),
(209, 80, 35, 15, 8.47),
(210, 80, 16, 98, 1.48),
(211, 80, 30, 68, 3.36),
(212, 80, 48, 50, 2.65),
(213, 81, 40, 97, 6.36),
(214, 81, 49, 79, 4.11),
(215, 81, 10, 48, 2.81),
(216, 81, 4, 83, 2.24),
(217, 81, 18, 99, 3.41),
(218, 82, 49, 85, 4.11),
(219, 82, 38, 75, 3.17),
(220, 82, 18, 67, 3.41),
(221, 83, 13, 44, 1.96),
(222, 84, 29, 92, 4.24),
(223, 84, 6, 61, 2.93),
(224, 84, 42, 60, 1.98),
(225, 85, 8, 40, 2.73),
(226, 85, 50, 82, 2.85),
(227, 86, 1, 46, 1.50),
(228, 86, 15, 12, 8.73),
(229, 86, 23, 17, 3.56),
(230, 86, 21, 31, 1.38),
(231, 87, 9, 70, 3.78),
(232, 87, 17, 85, 3.34),
(233, 87, 12, 32, 1.85),
(234, 87, 20, 23, 6.52),
(235, 88, 25, 90, 2.25),
(236, 88, 30, 87, 3.36),
(237, 88, 35, 70, 8.47),
(238, 88, 16, 39, 1.48),
(239, 89, 28, 10, 2.57),
(240, 89, 41, 96, 1.54),
(241, 90, 5, 50, 2.14),
(242, 91, 22, 37, 2.02),
(243, 91, 6, 94, 2.93),
(244, 91, 29, 81, 4.24),
(245, 91, 2, 34, 2.05),
(246, 92, 2, 32, 2.05),
(247, 93, 29, 32, 4.24),
(248, 93, 6, 22, 2.93),
(249, 94, 41, 41, 1.54),
(250, 94, 28, 56, 2.57),
(251, 95, 21, 29, 1.38),
(252, 95, 23, 17, 3.56),
(253, 95, 15, 51, 8.73),
(254, 96, 3, 80, 3.49),
(255, 96, 11, 47, 3.48),
(256, 97, 23, 47, 3.56),
(257, 98, 35, 54, 8.47),
(258, 99, 24, 75, 2.30),
(259, 99, 45, 85, 2.04),
(260, 99, 13, 39, 1.96),
(261, 99, 14, 34, 14.88),
(262, 100, 3, 61, 3.49),
(263, 100, 11, 47, 3.48),
(294, 101, 28, 50, 2.85),
(295, 102, 19, 50, 1.00),
(296, 103, 28, 50, 2.85),
(297, 104, 2, 50, 1.92),
(298, 105, 11, 50, 3.30),
(299, 106, 2, 50, 1.92),
(300, 106, 14, 50, 15.27),
(301, 107, 16, 50, 1.56),
(302, 107, 16, 23, 1.56),
(303, 107, 16, 50, 1.56),
(304, 108, 11, 50, 3.30),
(305, 109, 11, 50, 3.30),
(306, 110, 21, 50, 1.46);

-- --------------------------------------------------------

--
-- Table structure for table `ligne_vente`
--

CREATE TABLE `ligne_vente` (
  `id` int NOT NULL,
  `vente_id` int DEFAULT NULL,
  `medicament_id` int DEFAULT NULL,
  `quantite` int DEFAULT NULL,
  `prix_unitaire` decimal(10,2) DEFAULT NULL
) ENGINE=InnoDB DEFAULT CHARSET=utf8mb4 COLLATE=utf8mb4_unicode_ci;

--
-- Dumping data for table `ligne_vente`
--

INSERT INTO `ligne_vente` (`id`, `vente_id`, `medicament_id`, `quantite`, `prix_unitaire`) VALUES
(1, 1, 21, 2, 2.42),
(2, 1, 20, 1, 10.48),
(3, 2, 31, 1, 6.48),
(4, 2, 2, 3, 3.77),
(5, 3, 11, 1, 6.26),
(6, 3, 41, 1, 2.57),
(7, 3, 8, 3, 4.38),
(8, 4, 19, 1, 4.80),
(9, 4, 25, 2, 3.97),
(10, 4, 2, 3, 3.77),
(11, 4, 26, 2, 5.51),
(12, 4, 48, 2, 4.58),
(13, 4, 34, 1, 22.61),
(14, 5, 34, 1, 22.61),
(15, 5, 50, 3, 5.72),
(16, 5, 29, 2, 7.27),
(17, 6, 35, 2, 13.72),
(18, 6, 30, 2, 5.63),
(19, 6, 6, 2, 5.29),
(20, 6, 36, 2, 2.77),
(21, 7, 29, 3, 7.27),
(22, 7, 5, 2, 3.78),
(23, 7, 45, 2, 4.04),
(24, 7, 30, 2, 5.63),
(25, 7, 3, 3, 5.71),
(26, 7, 36, 1, 2.77),
(27, 8, 8, 3, 4.38),
(28, 9, 43, 1, 5.80),
(29, 9, 17, 1, 6.07),
(30, 9, 24, 2, 3.92),
(31, 9, 39, 2, 4.87),
(32, 9, 15, 2, 14.04),
(33, 9, 14, 1, 22.43),
(34, 10, 50, 3, 5.72),
(35, 10, 3, 3, 5.71),
(36, 10, 35, 2, 13.72),
(37, 11, 28, 3, 4.51),
(38, 11, 45, 3, 4.04),
(39, 11, 1, 1, 2.54),
(40, 12, 11, 2, 6.26),
(41, 12, 43, 2, 5.80),
(42, 12, 26, 1, 5.51),
(43, 12, 14, 1, 22.43),
(44, 12, 13, 2, 3.28),
(45, 12, 16, 2, 2.73),
(46, 13, 48, 3, 4.58),
(47, 13, 27, 3, 9.70),
(48, 13, 44, 2, 4.06),
(49, 13, 6, 1, 5.29),
(50, 14, 5, 2, 3.78),
(51, 14, 7, 1, 10.35),
(52, 14, 39, 2, 4.87),
(53, 14, 41, 3, 2.57),
(54, 15, 26, 3, 5.51),
(55, 15, 22, 1, 3.91),
(56, 15, 39, 2, 4.87),
(57, 15, 9, 2, 7.14),
(58, 15, 34, 2, 22.61),
(59, 15, 50, 2, 5.72),
(60, 16, 8, 2, 4.38),
(61, 16, 24, 2, 3.92),
(62, 16, 35, 2, 13.72),
(63, 16, 18, 1, 6.31),
(64, 16, 26, 1, 5.51),
(65, 17, 10, 3, 5.98),
(66, 17, 4, 2, 4.28),
(67, 17, 3, 1, 5.71),
(68, 17, 18, 3, 6.31),
(69, 18, 40, 1, 10.30),
(70, 18, 28, 2, 4.51),
(71, 19, 21, 1, 2.42),
(72, 19, 37, 3, 5.96),
(73, 19, 28, 1, 4.51),
(74, 19, 27, 1, 9.70),
(75, 19, 12, 2, 3.68),
(76, 20, 38, 2, 5.90),
(77, 20, 17, 2, 6.07),
(78, 20, 29, 3, 7.27),
(79, 21, 31, 2, 6.48),
(80, 21, 39, 1, 4.87),
(81, 21, 45, 2, 4.04),
(82, 21, 48, 1, 4.58),
(83, 21, 30, 1, 5.63),
(84, 22, 36, 3, 2.77),
(85, 23, 12, 2, 3.68),
(86, 23, 41, 3, 2.57),
(87, 23, 43, 2, 5.80),
(88, 23, 9, 3, 7.14),
(89, 23, 17, 1, 6.07),
(90, 24, 16, 2, 2.73),
(91, 24, 6, 3, 5.29),
(92, 24, 21, 1, 2.42),
(93, 24, 20, 2, 10.48),
(94, 25, 36, 1, 2.77),
(95, 25, 27, 2, 9.70),
(96, 26, 42, 3, 4.00),
(97, 26, 24, 2, 3.92),
(98, 26, 3, 3, 5.71),
(99, 26, 6, 1, 5.29),
(100, 26, 19, 1, 4.80),
(101, 26, 30, 2, 5.63),
(102, 27, 32, 2, 3.77),
(103, 27, 11, 1, 6.26),
(104, 27, 21, 1, 2.42),
(105, 27, 18, 1, 6.31),
(106, 27, 49, 3, 7.17),
(107, 27, 12, 2, 3.68),
(108, 28, 30, 1, 5.63),
(109, 28, 46, 2, 5.62),
(110, 28, 38, 1, 5.90),
(111, 29, 33, 2, 3.24),
(112, 29, 48, 2, 4.58),
(113, 29, 29, 1, 7.27),
(114, 30, 31, 1, 6.48),
(115, 30, 11, 3, 6.26),
(116, 30, 43, 1, 5.80),
(117, 30, 30, 2, 5.63),
(118, 30, 14, 1, 22.43),
(119, 30, 38, 2, 5.90),
(120, 31, 15, 2, 14.04),
(121, 31, 34, 1, 22.61),
(122, 31, 32, 2, 3.77),
(123, 32, 13, 2, 3.28),
(124, 32, 3, 3, 5.71),
(125, 32, 12, 2, 3.68),
(126, 32, 39, 2, 4.87),
(127, 32, 26, 3, 5.51),
(128, 33, 12, 3, 3.68),
(129, 34, 26, 1, 5.51),
(130, 34, 48, 2, 4.58),
(131, 34, 36, 2, 2.77),
(132, 34, 22, 1, 3.91),
(133, 34, 40, 2, 10.30),
(134, 35, 1, 1, 2.54),
(135, 36, 35, 1, 13.72),
(136, 36, 31, 1, 6.48),
(137, 37, 29, 1, 7.27),
(138, 37, 11, 1, 6.26),
(139, 37, 41, 2, 2.57),
(140, 37, 24, 3, 3.92),
(141, 38, 41, 2, 2.57),
(142, 38, 31, 1, 6.48),
(143, 38, 16, 1, 2.73),
(144, 38, 44, 2, 4.06),
(145, 38, 24, 3, 3.92),
(146, 39, 32, 1, 3.77),
(147, 39, 10, 2, 5.98),
(148, 39, 20, 2, 10.48),
(149, 39, 50, 1, 5.72),
(150, 40, 21, 3, 2.42),
(151, 40, 44, 2, 4.06),
(152, 40, 35, 1, 13.72),
(153, 40, 47, 3, 9.71),
(154, 41, 24, 1, 3.92),
(155, 41, 23, 1, 6.16),
(156, 41, 40, 1, 10.30),
(157, 41, 31, 3, 6.48),
(158, 41, 14, 3, 22.43),
(159, 42, 20, 1, 10.48),
(160, 42, 21, 2, 2.42),
(161, 42, 8, 2, 4.38),
(162, 42, 2, 3, 3.77),
(163, 43, 10, 3, 5.98),
(164, 43, 23, 2, 6.16),
(165, 43, 45, 1, 4.04),
(166, 43, 8, 3, 4.38),
(167, 43, 48, 1, 4.58),
(168, 44, 44, 1, 4.06),
(169, 45, 34, 1, 22.61),
(170, 45, 30, 2, 5.63),
(171, 45, 20, 1, 10.48),
(172, 46, 34, 2, 22.61),
(173, 46, 14, 3, 22.43),
(174, 46, 3, 1, 5.71),
(175, 46, 17, 2, 6.07),
(176, 47, 4, 1, 4.28),
(177, 47, 39, 1, 4.87),
(178, 47, 26, 3, 5.51),
(179, 48, 27, 1, 9.70),
(180, 48, 29, 2, 7.27),
(181, 48, 25, 2, 3.97),
(182, 48, 49, 1, 7.17),
(183, 48, 23, 3, 6.16),
(184, 49, 6, 3, 5.29),
(185, 50, 4, 3, 4.28),
(186, 50, 15, 2, 14.04),
(187, 51, 34, 2, 22.61),
(188, 51, 32, 1, 3.77),
(189, 51, 30, 3, 5.63),
(190, 52, 49, 3, 7.17),
(191, 52, 33, 1, 3.24),
(192, 52, 37, 3, 5.96),
(193, 52, 34, 1, 22.61),
(194, 52, 43, 3, 5.80),
(195, 53, 38, 2, 5.90),
(196, 53, 24, 3, 3.92),
(197, 53, 28, 1, 4.51),
(198, 53, 40, 1, 10.30),
(199, 53, 10, 3, 5.98),
(200, 53, 15, 2, 14.04),
(201, 54, 37, 1, 5.96),
(202, 54, 16, 1, 2.73),
(203, 55, 27, 1, 9.70),
(204, 56, 34, 2, 22.61),
(205, 56, 41, 1, 2.57),
(206, 56, 18, 2, 6.31),
(207, 56, 28, 1, 4.51),
(208, 57, 10, 1, 5.98),
(209, 57, 19, 1, 4.80),
(210, 58, 44, 2, 4.06),
(211, 58, 29, 3, 7.27),
(212, 58, 43, 2, 5.80),
(213, 58, 45, 3, 4.04),
(214, 58, 9, 2, 7.14),
(215, 58, 36, 2, 2.77),
(216, 59, 26, 1, 5.51),
(217, 59, 48, 1, 4.58),
(218, 59, 43, 2, 5.80),
(219, 59, 2, 3, 3.77),
(220, 59, 25, 2, 3.97),
(221, 60, 7, 2, 10.35),
(222, 60, 49, 3, 7.17),
(223, 60, 47, 1, 9.71),
(224, 60, 4, 1, 4.28),
(225, 61, 8, 3, 4.38),
(226, 61, 20, 1, 10.48),
(227, 61, 2, 3, 3.77),
(228, 61, 35, 2, 13.72),
(229, 61, 43, 2, 5.80),
(230, 61, 5, 1, 3.78),
(231, 62, 38, 2, 5.90),
(232, 62, 49, 1, 7.17),
(233, 62, 10, 2, 5.98),
(234, 62, 41, 2, 2.57),
(235, 62, 21, 2, 2.42),
(236, 62, 42, 1, 4.00),
(237, 63, 35, 2, 13.72),
(238, 63, 1, 3, 2.54),
(239, 63, 48, 1, 4.58),
(240, 64, 29, 3, 7.27),
(241, 64, 35, 3, 13.72),
(242, 64, 33, 1, 3.24),
(243, 64, 7, 3, 10.35),
(244, 64, 28, 2, 4.51),
(245, 65, 32, 2, 3.77),
(246, 66, 20, 1, 10.48),
(247, 66, 19, 2, 4.80),
(248, 66, 1, 1, 2.54),
(249, 66, 17, 1, 6.07),
(250, 66, 11, 2, 6.26),
(251, 66, 29, 3, 7.27),
(252, 67, 22, 3, 3.91),
(253, 67, 37, 3, 5.96),
(254, 67, 1, 3, 2.54),
(255, 67, 47, 1, 9.71),
(256, 68, 45, 3, 4.04),
(257, 68, 3, 1, 5.71),
(258, 69, 6, 3, 5.29),
(259, 70, 28, 3, 4.51),
(260, 70, 30, 1, 5.63),
(261, 70, 34, 2, 22.61),
(262, 70, 32, 1, 3.77),
(263, 70, 11, 3, 6.26),
(264, 71, 7, 1, 10.35),
(265, 71, 47, 2, 9.71),
(266, 71, 21, 2, 2.42),
(267, 71, 9, 1, 7.14),
(268, 71, 31, 2, 6.48),
(269, 72, 21, 1, 2.42),
(270, 72, 26, 1, 5.51),
(271, 72, 25, 1, 3.97),
(272, 72, 2, 2, 3.77),
(273, 72, 17, 1, 6.07),
(274, 72, 7, 2, 10.35),
(275, 73, 44, 1, 4.06),
(276, 73, 49, 3, 7.17),
(277, 73, 41, 1, 2.57),
(278, 74, 41, 3, 2.57),
(279, 74, 24, 3, 3.92),
(280, 74, 4, 3, 4.28),
(281, 75, 46, 2, 5.62),
(282, 75, 48, 1, 4.58),
(283, 75, 7, 2, 10.35),
(284, 75, 36, 2, 2.77),
(285, 75, 2, 1, 3.77),
(286, 75, 30, 1, 5.63),
(287, 76, 41, 3, 2.57),
(288, 76, 44, 2, 4.06),
(289, 76, 25, 2, 3.97),
(290, 76, 45, 3, 4.04),
(291, 76, 9, 2, 7.14),
(292, 77, 10, 3, 5.98),
(293, 77, 30, 1, 5.63),
(294, 77, 27, 1, 9.70),
(295, 77, 20, 3, 10.48),
(296, 77, 48, 3, 4.58),
(297, 78, 48, 3, 4.58),
(298, 78, 8, 1, 4.38),
(299, 78, 12, 2, 3.68),
(300, 78, 2, 3, 3.77),
(301, 78, 19, 1, 4.80),
(302, 78, 17, 1, 6.07),
(303, 79, 7, 1, 10.35),
(304, 79, 35, 1, 13.72),
(305, 79, 8, 2, 4.38),
(306, 79, 29, 3, 7.27),
(307, 79, 2, 1, 3.77),
(308, 80, 35, 3, 13.72),
(309, 80, 22, 3, 3.91),
(310, 81, 41, 2, 2.57),
(311, 81, 11, 3, 6.26),
(312, 81, 33, 1, 3.24),
(313, 81, 29, 3, 7.27),
(314, 82, 32, 1, 3.77),
(315, 82, 47, 1, 9.71),
(316, 83, 18, 3, 6.31),
(317, 83, 48, 1, 4.58),
(318, 83, 38, 3, 5.90),
(319, 83, 26, 3, 5.51),
(320, 83, 16, 3, 2.73),
(321, 84, 26, 2, 5.51),
(322, 84, 47, 1, 9.71),
(323, 85, 26, 3, 5.51),
(324, 85, 36, 2, 2.77),
(325, 86, 13, 1, 3.28),
(326, 86, 17, 1, 6.07),
(327, 86, 16, 3, 2.73),
(328, 86, 3, 3, 5.71),
(329, 87, 41, 3, 2.57),
(330, 87, 2, 1, 3.77),
(331, 87, 40, 2, 10.30),
(332, 88, 16, 3, 2.73),
(333, 88, 11, 1, 6.26),
(334, 89, 22, 2, 3.91),
(335, 89, 35, 3, 13.72),
(336, 89, 13, 3, 3.28),
(337, 89, 17, 2, 6.07),
(338, 90, 21, 2, 2.42),
(339, 91, 5, 1, 3.78),
(340, 91, 31, 2, 6.48),
(341, 91, 41, 3, 2.57),
(342, 91, 45, 1, 4.04),
(343, 91, 50, 2, 5.72),
(344, 92, 24, 2, 3.92),
(345, 92, 16, 2, 2.73),
(346, 92, 23, 3, 6.16),
(347, 92, 33, 3, 3.24),
(348, 92, 7, 2, 10.35),
(349, 92, 2, 1, 3.77),
(350, 93, 9, 1, 7.14),
(351, 94, 2, 1, 3.77),
(352, 94, 39, 1, 4.87),
(353, 95, 12, 3, 3.68),
(354, 95, 31, 2, 6.48),
(355, 96, 10, 2, 5.98),
(356, 96, 8, 2, 4.38),
(357, 96, 9, 3, 7.14),
(358, 96, 4, 1, 4.28),
(359, 96, 49, 1, 7.17),
(360, 97, 31, 2, 6.48),
(361, 98, 28, 3, 4.51),
(362, 99, 30, 2, 5.63),
(363, 99, 14, 1, 22.43),
(364, 100, 36, 1, 2.77),
(365, 100, 35, 1, 13.72),
(366, 101, 21, 1, 2.42),
(367, 102, 17, 3, 6.07),
(368, 102, 12, 1, 3.68),
(369, 102, 5, 1, 3.78),
(370, 102, 36, 3, 2.77),
(371, 103, 2, 3, 3.77),
(372, 103, 11, 2, 6.26),
(373, 103, 20, 1, 10.48),
(374, 103, 37, 1, 5.96),
(375, 103, 43, 2, 5.80),
(376, 104, 1, 3, 2.54),
(377, 104, 36, 2, 2.77),
(378, 104, 3, 2, 5.71),
(379, 105, 9, 2, 7.14),
(380, 105, 25, 2, 3.97),
(381, 105, 18, 2, 6.31),
(382, 105, 47, 1, 9.71),
(383, 105, 15, 2, 14.04),
(384, 106, 26, 2, 5.51),
(385, 106, 35, 2, 13.72),
(386, 106, 16, 2, 2.73),
(387, 106, 47, 3, 9.71),
(388, 107, 3, 2, 5.71),
(389, 107, 24, 2, 3.92),
(390, 107, 9, 1, 7.14),
(391, 108, 35, 1, 13.72),
(392, 108, 10, 1, 5.98),
(393, 108, 20, 1, 10.48),
(394, 109, 8, 2, 4.38),
(395, 110, 17, 3, 6.07),
(396, 110, 21, 2, 2.42),
(397, 110, 48, 2, 4.58),
(398, 110, 32, 2, 3.77),
(399, 111, 10, 2, 5.98),
(400, 111, 23, 2, 6.16),
(401, 111, 5, 2, 3.78),
(402, 111, 42, 3, 4.00),
(403, 111, 50, 2, 5.72),
(404, 111, 16, 1, 2.73),
(405, 112, 4, 2, 4.28),
(406, 113, 30, 1, 5.63),
(407, 113, 48, 3, 4.58),
(408, 113, 29, 1, 7.27),
(409, 113, 2, 1, 3.77),
(410, 113, 28, 1, 4.51),
(411, 113, 5, 3, 3.78),
(412, 114, 2, 2, 3.77),
(413, 114, 10, 1, 5.98),
(414, 114, 38, 2, 5.90),
(415, 114, 39, 2, 4.87),
(416, 114, 36, 2, 2.77),
(417, 114, 15, 1, 14.04),
(418, 115, 37, 2, 5.96),
(419, 115, 26, 1, 5.51),
(420, 115, 18, 3, 6.31),
(421, 116, 26, 1, 5.51),
(422, 116, 12, 1, 3.68),
(423, 116, 37, 3, 5.96),
(424, 116, 19, 2, 4.80),
(425, 116, 39, 1, 4.87),
(426, 116, 47, 1, 9.71),
(427, 117, 4, 1, 4.28),
(428, 117, 49, 1, 7.17),
(429, 117, 20, 3, 10.48),
(430, 117, 16, 2, 2.73),
(431, 117, 43, 1, 5.80),
(432, 118, 25, 1, 3.97),
(433, 118, 23, 1, 6.16),
(434, 119, 2, 1, 3.77),
(435, 119, 16, 2, 2.73),
(436, 119, 47, 3, 9.71),
(437, 120, 8, 1, 4.38),
(438, 120, 35, 3, 13.72),
(439, 121, 7, 3, 10.35),
(440, 121, 42, 1, 4.00),
(441, 121, 17, 2, 6.07),
(442, 121, 48, 3, 4.58),
(443, 121, 46, 2, 5.62),
(444, 121, 19, 1, 4.80),
(445, 122, 27, 2, 9.70),
(446, 122, 36, 2, 2.77),
(447, 122, 48, 2, 4.58),
(448, 122, 45, 3, 4.04),
(449, 122, 18, 3, 6.31),
(450, 123, 14, 2, 22.43),
(451, 123, 22, 3, 3.91),
(452, 123, 23, 1, 6.16),
(453, 123, 4, 2, 4.28),
(454, 124, 9, 1, 7.14),
(455, 124, 41, 2, 2.57),
(456, 124, 24, 1, 3.92),
(457, 125, 23, 2, 6.16),
(458, 125, 50, 1, 5.72),
(459, 126, 1, 1, 2.54),
(460, 126, 3, 2, 5.71),
(461, 126, 18, 2, 6.31),
(462, 126, 37, 2, 5.96),
(463, 126, 32, 3, 3.77),
(464, 126, 48, 3, 4.58),
(465, 127, 43, 3, 5.80),
(466, 127, 50, 1, 5.72),
(467, 128, 14, 1, 22.43),
(468, 129, 33, 3, 3.24),
(469, 129, 39, 3, 4.87),
(470, 129, 36, 3, 2.77),
(471, 130, 34, 2, 22.61),
(472, 131, 10, 3, 5.98),
(473, 131, 22, 3, 3.91),
(474, 131, 2, 1, 3.77),
(475, 131, 46, 2, 5.62),
(476, 131, 18, 2, 6.31),
(477, 132, 43, 1, 5.80),
(478, 132, 48, 3, 4.58),
(479, 132, 37, 3, 5.96),
(480, 132, 21, 2, 2.42),
(481, 132, 13, 2, 3.28),
(482, 132, 22, 2, 3.91),
(483, 133, 8, 2, 4.38),
(484, 133, 42, 2, 4.00),
(485, 133, 19, 3, 4.80),
(486, 133, 32, 3, 3.77),
(487, 133, 13, 3, 3.28),
(488, 134, 43, 3, 5.80),
(489, 134, 34, 2, 22.61),
(490, 135, 34, 3, 22.61),
(491, 135, 28, 1, 4.51),
(492, 135, 30, 1, 5.63),
(493, 135, 46, 2, 5.62),
(494, 136, 43, 2, 5.80),
(495, 136, 17, 1, 6.07),
(496, 136, 47, 2, 9.71),
(497, 136, 34, 3, 22.61),
(498, 137, 15, 2, 14.04),
(499, 137, 5, 3, 3.78),
(500, 137, 45, 1, 4.04),
(501, 138, 5, 2, 3.78),
(502, 138, 45, 2, 4.04),
(503, 139, 34, 3, 22.61),
(504, 139, 35, 1, 13.72),
(505, 139, 16, 1, 2.73),
(506, 140, 48, 1, 4.58),
(507, 140, 46, 2, 5.62),
(508, 140, 11, 3, 6.26),
(509, 141, 42, 2, 4.00),
(510, 141, 11, 2, 6.26),
(511, 141, 36, 2, 2.77),
(512, 141, 39, 1, 4.87),
(513, 141, 2, 1, 3.77),
(514, 141, 29, 2, 7.27),
(515, 142, 27, 1, 9.70),
(516, 142, 3, 1, 5.71),
(517, 142, 18, 1, 6.31),
(518, 142, 17, 1, 6.07),
(519, 142, 6, 1, 5.29),
(520, 142, 28, 2, 4.51),
(521, 143, 7, 1, 10.35),
(522, 143, 10, 1, 5.98),
(523, 143, 20, 2, 10.48),
(524, 143, 13, 2, 3.28),
(525, 144, 22, 2, 3.91),
(526, 145, 6, 2, 5.29),
(527, 145, 26, 1, 5.51),
(528, 145, 42, 3, 4.00),
(529, 146, 43, 2, 5.80),
(530, 147, 12, 1, 3.68),
(531, 147, 16, 1, 2.73),
(532, 147, 46, 1, 5.62),
(533, 148, 19, 2, 4.80),
(534, 148, 10, 3, 5.98),
(535, 148, 25, 2, 3.97),
(536, 149, 48, 2, 4.58),
(537, 149, 26, 2, 5.51),
(538, 150, 42, 1, 4.00),
(539, 150, 47, 3, 9.71),
(540, 150, 32, 2, 3.77),
(541, 150, 6, 3, 5.29),
(542, 151, 35, 1, 13.72),
(543, 152, 12, 1, 3.68),
(544, 152, 23, 3, 6.16),
(545, 153, 48, 2, 4.58),
(546, 153, 24, 3, 3.92),
(547, 153, 13, 3, 3.28),
(548, 153, 37, 2, 5.96),
(549, 154, 8, 1, 4.38),
(550, 154, 39, 1, 4.87),
(551, 154, 12, 2, 3.68),
(552, 155, 16, 1, 2.73),
(553, 156, 6, 1, 5.29),
(554, 156, 11, 2, 6.26),
(555, 157, 7, 2, 10.35),
(556, 157, 48, 2, 4.58),
(557, 157, 40, 1, 10.30),
(558, 157, 25, 1, 3.97),
(559, 158, 20, 3, 10.48),
(560, 158, 26, 3, 5.51),
(561, 159, 24, 2, 3.92),
(562, 159, 49, 3, 7.17),
(563, 159, 2, 3, 3.77),
(564, 159, 15, 2, 14.04),
(565, 159, 7, 1, 10.35),
(566, 160, 11, 1, 6.26),
(567, 160, 32, 2, 3.77),
(568, 160, 43, 3, 5.80),
(569, 161, 36, 1, 2.77),
(570, 162, 11, 1, 6.26),
(571, 162, 30, 1, 5.63),
(572, 162, 39, 3, 4.87),
(573, 162, 48, 3, 4.58),
(574, 162, 25, 2, 3.97),
(575, 162, 12, 1, 3.68),
(576, 163, 11, 2, 6.26),
(577, 163, 50, 2, 5.72),
(578, 163, 15, 2, 14.04),
(579, 164, 14, 2, 22.43),
(580, 164, 25, 3, 3.97),
(581, 164, 46, 2, 5.62),
(582, 165, 33, 1, 3.24),
(583, 165, 49, 3, 7.17),
(584, 165, 27, 2, 9.70),
(585, 165, 19, 1, 4.80),
(586, 165, 10, 2, 5.98),
(587, 165, 21, 1, 2.42),
(588, 166, 11, 2, 6.26),
(589, 166, 44, 3, 4.06),
(590, 167, 1, 2, 2.54),
(591, 167, 6, 3, 5.29),
(592, 167, 33, 1, 3.24),
(593, 167, 22, 2, 3.91),
(594, 168, 18, 2, 6.31),
(595, 169, 17, 1, 6.07),
(596, 170, 22, 1, 3.91),
(597, 170, 15, 3, 14.04),
(598, 171, 5, 3, 3.78),
(599, 171, 30, 3, 5.63),
(600, 171, 47, 2, 9.71),
(601, 171, 37, 1, 5.96),
(602, 171, 16, 1, 2.73),
(603, 171, 39, 2, 4.87),
(604, 172, 29, 2, 7.27),
(605, 172, 42, 3, 4.00),
(606, 172, 41, 1, 2.57),
(607, 172, 21, 3, 2.42),
(608, 172, 9, 2, 7.14),
(609, 173, 44, 3, 4.06),
(610, 173, 22, 3, 3.91),
(611, 173, 27, 2, 9.70),
(612, 173, 28, 3, 4.51),
(613, 173, 31, 3, 6.48),
(614, 173, 7, 1, 10.35),
(615, 174, 21, 2, 2.42),
(616, 174, 23, 1, 6.16),
(617, 174, 11, 1, 6.26),
(618, 175, 45, 3, 4.04),
(619, 175, 19, 3, 4.80),
(620, 175, 2, 2, 3.77),
(621, 176, 7, 2, 10.35),
(622, 176, 49, 2, 7.17),
(623, 176, 11, 1, 6.26),
(624, 176, 27, 2, 9.70),
(625, 177, 6, 2, 5.29),
(626, 177, 9, 2, 7.14),
(627, 177, 24, 3, 3.92),
(628, 178, 7, 3, 10.35),
(629, 179, 31, 2, 6.48),
(630, 179, 30, 3, 5.63),
(631, 179, 18, 2, 6.31),
(632, 180, 20, 3, 10.48),
(633, 181, 18, 1, 6.31),
(634, 181, 33, 2, 3.24),
(635, 181, 42, 2, 4.00),
(636, 181, 10, 1, 5.98),
(637, 181, 7, 3, 10.35),
(638, 182, 24, 1, 3.92),
(639, 182, 48, 1, 4.58),
(640, 183, 9, 2, 7.14),
(641, 183, 44, 3, 4.06),
(642, 183, 25, 1, 3.97),
(643, 184, 37, 1, 5.96),
(644, 185, 40, 3, 10.30),
(645, 185, 1, 3, 2.54),
(646, 185, 34, 1, 22.61),
(647, 185, 20, 3, 10.48),
(648, 185, 21, 2, 2.42),
(649, 186, 36, 2, 2.77),
(650, 186, 7, 1, 10.35),
(651, 186, 39, 3, 4.87),
(652, 186, 12, 2, 3.68),
(653, 186, 25, 3, 3.97),
(654, 187, 10, 1, 5.98),
(655, 187, 30, 2, 5.63),
(656, 187, 32, 2, 3.77),
(657, 187, 36, 3, 2.77),
(658, 188, 39, 1, 4.87),
(659, 188, 6, 2, 5.29),
(660, 188, 41, 3, 2.57),
(661, 188, 5, 3, 3.78),
(662, 188, 18, 1, 6.31),
(663, 188, 22, 1, 3.91),
(664, 189, 44, 2, 4.06),
(665, 189, 3, 1, 5.71),
(666, 189, 39, 3, 4.87),
(667, 190, 36, 2, 2.77),
(668, 190, 24, 3, 3.92),
(669, 190, 5, 3, 3.78),
(670, 190, 50, 3, 5.72),
(671, 190, 49, 3, 7.17),
(672, 191, 29, 1, 7.27),
(673, 192, 2, 1, 3.77),
(674, 192, 49, 1, 7.17),
(675, 192, 29, 3, 7.27),
(676, 193, 46, 1, 5.62),
(677, 193, 18, 1, 6.31),
(678, 193, 30, 1, 5.63),
(679, 193, 26, 2, 5.51),
(680, 194, 2, 1, 3.77),
(681, 195, 22, 1, 3.91),
(682, 195, 47, 1, 9.71),
(683, 195, 30, 1, 5.63),
(684, 195, 8, 2, 4.38),
(685, 196, 23, 3, 6.16),
(686, 196, 42, 1, 4.00),
(687, 196, 2, 2, 3.77),
(688, 196, 6, 1, 5.29),
(689, 197, 48, 2, 4.58),
(690, 198, 39, 2, 4.87),
(691, 198, 6, 1, 5.29),
(692, 199, 27, 2, 9.70),
(693, 199, 44, 3, 4.06),
(694, 200, 14, 2, 22.43),
(695, 200, 15, 1, 14.04),
(696, 201, 20, 1, 10.48),
(697, 201, 12, 2, 3.68),
(698, 201, 4, 1, 4.28),
(699, 201, 31, 1, 6.48),
(700, 201, 39, 3, 4.87),
(701, 201, 29, 2, 7.27),
(702, 202, 49, 1, 7.17),
(703, 202, 2, 1, 3.77),
(704, 202, 46, 3, 5.62),
(705, 202, 16, 2, 2.73),
(706, 202, 30, 2, 5.63),
(707, 202, 31, 3, 6.48),
(708, 203, 37, 2, 5.96),
(709, 203, 1, 1, 2.54),
(710, 203, 48, 3, 4.58),
(711, 203, 9, 2, 7.14),
(712, 203, 36, 2, 2.77),
(713, 204, 18, 2, 6.31),
(714, 204, 7, 1, 10.35),
(715, 204, 5, 3, 3.78),
(716, 204, 47, 3, 9.71),
(717, 204, 29, 3, 7.27),
(718, 204, 32, 3, 3.77),
(719, 205, 3, 1, 5.71),
(720, 205, 47, 3, 9.71),
(721, 205, 23, 1, 6.16),
(722, 205, 45, 3, 4.04),
(723, 205, 41, 3, 2.57),
(724, 205, 4, 1, 4.28),
(725, 206, 30, 2, 5.63),
(726, 206, 25, 1, 3.97),
(727, 206, 18, 3, 6.31),
(728, 206, 36, 3, 2.77),
(729, 207, 17, 2, 6.07),
(730, 208, 33, 2, 3.24),
(731, 208, 8, 1, 4.38),
(732, 208, 43, 3, 5.80),
(733, 208, 13, 3, 3.28),
(734, 208, 22, 1, 3.91),
(735, 208, 41, 2, 2.57),
(736, 209, 28, 2, 4.51),
(737, 209, 18, 1, 6.31),
(738, 210, 50, 2, 5.72),
(739, 210, 19, 2, 4.80),
(740, 210, 36, 1, 2.77),
(741, 210, 3, 2, 5.71),
(742, 210, 2, 2, 3.77),
(743, 211, 42, 1, 4.00),
(744, 212, 27, 3, 9.70),
(745, 212, 6, 2, 5.29),
(746, 212, 41, 3, 2.57),
(747, 212, 37, 2, 5.96),
(748, 213, 29, 2, 7.27),
(749, 213, 4, 3, 4.28),
(750, 213, 9, 1, 7.14),
(751, 213, 16, 3, 2.73),
(752, 213, 31, 2, 6.48),
(753, 214, 7, 3, 10.35),
(754, 214, 13, 3, 3.28),
(755, 215, 28, 1, 4.51),
(756, 215, 41, 1, 2.57),
(757, 215, 25, 3, 3.97),
(758, 215, 16, 2, 2.73),
(759, 216, 49, 1, 7.17),
(760, 216, 23, 2, 6.16),
(761, 217, 30, 1, 5.63),
(762, 217, 37, 2, 5.96),
(763, 217, 16, 2, 2.73),
(764, 217, 44, 2, 4.06),
(765, 217, 34, 1, 22.61),
(766, 217, 48, 2, 4.58),
(767, 218, 49, 1, 7.17),
(768, 218, 39, 2, 4.87),
(769, 218, 21, 3, 2.42),
(770, 218, 27, 2, 9.70),
(771, 218, 13, 1, 3.28),
(772, 218, 10, 3, 5.98),
(773, 219, 10, 3, 5.98),
(774, 219, 25, 3, 3.97),
(775, 219, 17, 3, 6.07),
(776, 219, 48, 2, 4.58),
(777, 219, 3, 3, 5.71),
(778, 220, 9, 3, 7.14),
(779, 221, 12, 2, 3.68),
(780, 221, 9, 3, 7.14),
(781, 222, 50, 1, 5.72),
(782, 223, 17, 2, 6.07),
(783, 223, 27, 3, 9.70),
(784, 223, 23, 1, 6.16),
(785, 223, 48, 3, 4.58),
(786, 223, 28, 1, 4.51),
(787, 223, 31, 1, 6.48),
(788, 224, 26, 3, 5.51),
(789, 224, 43, 3, 5.80),
(790, 225, 41, 3, 2.57),
(791, 225, 45, 1, 4.04),
(792, 226, 36, 2, 2.77),
(793, 226, 15, 2, 14.04),
(794, 226, 50, 2, 5.72),
(795, 227, 9, 3, 7.14),
(796, 227, 12, 3, 3.68),
(797, 227, 26, 2, 5.51),
(798, 227, 49, 1, 7.17),
(799, 227, 27, 3, 9.70),
(800, 227, 22, 2, 3.91),
(801, 228, 18, 3, 6.31),
(802, 228, 43, 3, 5.80),
(803, 229, 22, 2, 3.91),
(804, 230, 36, 3, 2.77),
(805, 231, 40, 2, 10.30),
(806, 232, 26, 3, 5.51),
(807, 232, 3, 2, 5.71),
(808, 232, 1, 3, 2.54),
(809, 232, 31, 1, 6.48),
(810, 232, 7, 3, 10.35),
(811, 233, 39, 3, 4.87),
(812, 233, 32, 2, 3.77),
(813, 234, 23, 2, 6.16),
(814, 234, 44, 2, 4.06),
(815, 234, 31, 3, 6.48),
(816, 235, 16, 3, 2.73),
(817, 235, 45, 3, 4.04),
(818, 235, 6, 2, 5.29),
(819, 236, 5, 1, 3.78),
(820, 236, 18, 2, 6.31),
(821, 236, 48, 1, 4.58),
(822, 237, 15, 2, 14.04),
(823, 237, 28, 1, 4.51),
(824, 237, 21, 2, 2.42),
(825, 237, 10, 3, 5.98),
(826, 237, 37, 1, 5.96),
(827, 237, 16, 3, 2.73),
(828, 238, 25, 3, 3.97),
(829, 238, 20, 3, 10.48),
(830, 238, 33, 3, 3.24),
(831, 238, 9, 1, 7.14),
(832, 238, 23, 2, 6.16),
(833, 238, 37, 2, 5.96),
(834, 239, 43, 2, 5.80),
(835, 240, 42, 2, 4.00),
(836, 241, 49, 2, 7.17),
(837, 241, 32, 1, 3.77),
(838, 241, 33, 1, 3.24),
(839, 242, 30, 1, 5.63),
(840, 242, 19, 1, 4.80),
(841, 242, 24, 3, 3.92),
(842, 242, 40, 1, 10.30),
(843, 242, 32, 1, 3.77),
(844, 242, 17, 1, 6.07),
(845, 243, 32, 1, 3.77),
(846, 243, 8, 3, 4.38),
(847, 243, 33, 3, 3.24),
(848, 243, 47, 2, 9.71),
(849, 243, 2, 2, 3.77),
(850, 244, 16, 1, 2.73),
(851, 244, 27, 2, 9.70),
(852, 244, 19, 2, 4.80),
(853, 244, 11, 3, 6.26),
(854, 245, 19, 2, 4.80),
(855, 245, 37, 3, 5.96),
(856, 245, 9, 2, 7.14),
(857, 245, 25, 2, 3.97),
(858, 245, 46, 2, 5.62),
(859, 245, 5, 1, 3.78),
(860, 246, 1, 3, 2.54),
(861, 246, 45, 2, 4.04),
(862, 247, 22, 2, 3.91),
(863, 247, 2, 2, 3.77),
(864, 248, 48, 3, 4.58),
(865, 248, 1, 2, 2.54),
(866, 248, 6, 1, 5.29),
(867, 248, 7, 3, 10.35),
(868, 249, 6, 1, 5.29),
(869, 249, 16, 2, 2.73),
(870, 249, 37, 2, 5.96),
(871, 249, 31, 3, 6.48),
(872, 249, 3, 2, 5.71),
(873, 249, 13, 2, 3.28),
(874, 250, 25, 3, 3.97),
(875, 250, 10, 1, 5.98),
(876, 251, 22, 1, 3.91),
(877, 251, 36, 3, 2.77),
(878, 251, 8, 1, 4.38),
(879, 252, 40, 1, 10.30),
(880, 252, 25, 2, 3.97),
(881, 252, 23, 3, 6.16),
(882, 252, 24, 1, 3.92),
(883, 252, 37, 2, 5.96),
(884, 253, 36, 1, 2.77),
(885, 253, 41, 2, 2.57),
(886, 253, 9, 2, 7.14),
(887, 253, 12, 2, 3.68),
(888, 253, 4, 1, 4.28),
(889, 254, 41, 1, 2.57),
(890, 254, 4, 2, 4.28),
(891, 254, 50, 2, 5.72),
(892, 254, 34, 3, 22.61),
(893, 254, 9, 3, 7.14),
(894, 254, 45, 3, 4.04),
(895, 255, 50, 2, 5.72),
(896, 256, 16, 1, 2.73),
(897, 256, 6, 3, 5.29),
(898, 256, 23, 2, 6.16),
(899, 256, 28, 3, 4.51),
(900, 256, 32, 3, 3.77),
(901, 257, 25, 3, 3.97),
(902, 257, 49, 2, 7.17),
(903, 257, 6, 3, 5.29),
(904, 257, 20, 3, 10.48),
(905, 257, 42, 1, 4.00),
(906, 257, 45, 2, 4.04),
(907, 258, 19, 2, 4.80),
(908, 258, 32, 2, 3.77),
(909, 258, 29, 2, 7.27),
(910, 258, 38, 1, 5.90),
(911, 259, 39, 3, 4.87),
(912, 259, 40, 1, 10.30),
(913, 259, 45, 2, 4.04),
(914, 260, 42, 3, 4.00),
(915, 260, 14, 1, 22.43),
(916, 260, 23, 3, 6.16),
(917, 260, 28, 1, 4.51),
(918, 260, 38, 2, 5.90),
(919, 261, 39, 1, 4.87),
(920, 261, 22, 2, 3.91),
(921, 261, 40, 1, 10.30),
(922, 262, 18, 1, 6.31),
(923, 262, 26, 3, 5.51),
(924, 262, 43, 3, 5.80),
(925, 262, 23, 3, 6.16),
(926, 262, 29, 1, 7.27),
(927, 263, 32, 3, 3.77),
(928, 263, 20, 3, 10.48),
(929, 264, 22, 1, 3.91),
(930, 265, 19, 3, 4.80),
(931, 265, 47, 3, 9.71),
(932, 266, 31, 2, 6.48),
(933, 266, 45, 3, 4.04),
(934, 266, 12, 3, 3.68),
(935, 266, 11, 1, 6.26),
(936, 267, 32, 1, 3.77),
(937, 267, 45, 2, 4.04),
(938, 268, 7, 2, 10.35),
(939, 269, 29, 1, 7.27),
(940, 269, 30, 3, 5.63),
(941, 269, 25, 3, 3.97),
(942, 269, 13, 2, 3.28),
(943, 269, 38, 3, 5.90),
(944, 270, 15, 3, 14.04),
(945, 271, 5, 2, 3.78),
(946, 271, 11, 3, 6.26),
(947, 271, 30, 1, 5.63),
(948, 271, 14, 2, 22.43),
(949, 271, 8, 1, 4.38),
(950, 272, 9, 1, 7.14),
(951, 273, 37, 2, 5.96),
(952, 273, 19, 3, 4.80),
(953, 273, 2, 2, 3.77),
(954, 273, 35, 2, 13.72),
(955, 273, 40, 2, 10.30),
(956, 273, 22, 3, 3.91),
(957, 274, 34, 3, 22.61),
(958, 274, 7, 1, 10.35),
(959, 275, 12, 3, 3.68),
(960, 275, 7, 2, 10.35),
(961, 276, 40, 2, 10.30),
(962, 277, 21, 3, 2.42),
(963, 277, 28, 1, 4.51),
(964, 277, 38, 2, 5.90),
(965, 277, 37, 2, 5.96),
(966, 278, 41, 2, 2.57),
(967, 278, 5, 1, 3.78),
(968, 278, 12, 3, 3.68),
(969, 278, 1, 3, 2.54),
(970, 278, 8, 3, 4.38),
(971, 278, 43, 2, 5.80),
(972, 279, 1, 3, 2.54),
(973, 279, 19, 1, 4.80),
(974, 279, 16, 3, 2.73),
(975, 279, 13, 1, 3.28),
(976, 279, 3, 1, 5.71),
(977, 279, 33, 2, 3.24),
(978, 280, 23, 3, 6.16),
(979, 280, 46, 3, 5.62),
(980, 280, 6, 2, 5.29),
(981, 280, 2, 2, 3.77),
(982, 281, 15, 1, 14.04),
(983, 281, 16, 3, 2.73),
(984, 281, 45, 1, 4.04),
(985, 281, 13, 3, 3.28),
(986, 281, 47, 1, 9.71),
(987, 282, 11, 1, 6.26),
(988, 282, 28, 3, 4.51),
(989, 282, 50, 3, 5.72),
(990, 282, 5, 1, 3.78),
(991, 283, 12, 3, 3.68),
(992, 283, 2, 3, 3.77),
(993, 283, 33, 1, 3.24),
(994, 283, 47, 3, 9.71),
(995, 283, 41, 3, 2.57),
(996, 284, 35, 2, 13.72),
(997, 285, 8, 2, 4.38),
(998, 286, 33, 1, 3.24),
(999, 287, 50, 2, 5.72),
(1000, 287, 37, 2, 5.96),
(1001, 288, 4, 1, 4.28),
(1002, 288, 3, 3, 5.71),
(1003, 288, 11, 2, 6.26),
(1004, 288, 17, 1, 6.07),
(1005, 288, 48, 2, 4.58),
(1006, 288, 47, 2, 9.71),
(1007, 289, 42, 3, 4.00),
(1008, 289, 1, 2, 2.54),
(1009, 289, 44, 2, 4.06),
(1010, 289, 26, 3, 5.51),
(1011, 289, 49, 2, 7.17),
(1012, 290, 43, 1, 5.80),
(1013, 291, 12, 3, 3.68),
(1014, 291, 25, 1, 3.97),
(1015, 291, 39, 3, 4.87),
(1016, 292, 5, 3, 3.78),
(1017, 292, 15, 3, 14.04),
(1018, 293, 6, 2, 5.29),
(1019, 293, 19, 2, 4.80),
(1020, 293, 27, 2, 9.70),
(1021, 294, 17, 3, 6.07),
(1022, 295, 12, 1, 3.68),
(1023, 295, 49, 1, 7.17),
(1024, 295, 33, 2, 3.24),
(1025, 295, 6, 1, 5.29),
(1026, 296, 9, 2, 7.14),
(1027, 296, 35, 1, 13.72),
(1028, 296, 47, 1, 9.71),
(1029, 296, 46, 1, 5.62),
(1030, 296, 41, 3, 2.57),
(1031, 297, 38, 3, 5.90),
(1032, 297, 16, 1, 2.73),
(1033, 297, 10, 3, 5.98),
(1034, 298, 43, 2, 5.80),
(1035, 298, 34, 2, 22.61),
(1036, 298, 41, 3, 2.57),
(1037, 298, 35, 1, 13.72),
(1038, 299, 5, 2, 3.78),
(1039, 299, 44, 1, 4.06),
(1040, 299, 30, 3, 5.63),
(1041, 299, 6, 1, 5.29),
(1042, 299, 39, 3, 4.87),
(1043, 299, 26, 3, 5.51),
(1044, 300, 49, 1, 7.17),
(1045, 300, 41, 2, 2.57),
(1046, 300, 39, 3, 4.87),
(1047, 300, 1, 1, 2.54),
(1048, 300, 50, 2, 5.72),
(1049, 300, 5, 3, 3.78),
(1050, 301, 1, 30, 2.40),
(1051, 301, 9, 10, 7.61),
(1052, 302, 1, 20, 2.40),
(1053, 303, 4, 1, 4.08),
(1054, 304, 6, 1, 6.67),
(1055, 305, 1, 20, 2.40),
(1056, 305, 15, 20, 13.60),
(1057, 306, 2, 1, 4.08),
(1058, 306, 23, 5, 6.00),
(1059, 307, 6, 190, 6.67);

-- --------------------------------------------------------

--
-- Table structure for table `medicament`
--

CREATE TABLE `medicament` (
  `id` int NOT NULL,
  `nom_commercial` varchar(100) NOT NULL,
  `principe_actif` varchar(100) DEFAULT NULL,
  `forme_galenique` varchar(50) DEFAULT NULL,
  `dosage` varchar(50) DEFAULT NULL,
  `prix_achat` decimal(10,2) DEFAULT NULL,
  `prix_public` decimal(10,2) NOT NULL,
  `necessite_ordonnance` tinyint(1) DEFAULT '0',
  `date_peremption` date DEFAULT NULL,
  `stock_actuel` int DEFAULT '0',
  `seuil_min` int DEFAULT '10',
  `fournisseur_id` int DEFAULT NULL
) ENGINE=InnoDB DEFAULT CHARSET=utf8mb4 COLLATE=utf8mb4_unicode_ci;

--
-- Dumping data for table `medicament`
--

INSERT INTO `medicament` (`id`, `nom_commercial`, `principe_actif`, `forme_galenique`, `dosage`, `prix_achat`, `prix_public`, `necessite_ordonnance`, `date_peremption`, `stock_actuel`, `seuil_min`, `fournisseur_id`) VALUES
(1, 'Doliprane', 'Paracétamol', 'Comprimé', '1000mg', 1.65, 2.40, 0, '2024-12-21', 85, 11, 8),
(2, 'Advil', 'Ibuprofène', 'Comprimé', '400mg', 1.92, 4.08, 0, '2025-01-25', 105, 19, 6),
(3, 'Amoxicilline', 'Amoxicilline', 'Gélule', '500mg', 3.31, 5.83, 1, '2027-02-12', 31, 21, 1),
(4, 'Spasfon', 'Phloroglucinol', 'Lyophilisat', '80mg', 2.17, 4.08, 0, '2027-08-10', 26, 25, 1),
(5, 'Smecta', 'Diosmectite', 'Sachet', '3g', 1.89, 3.78, 0, '2024-11-07', 59, 26, 9),
(6, 'Fervex', 'Paracétamol', 'Sachet', 'Adultes', 2.71, 6.67, 0, '2025-07-01', 9, 30, 1),
(7, 'Ventoline', 'Salbutamol', 'Inhalateur', '100µg', 4.44, 10.49, 1, '2025-07-01', 39, 26, 4),
(8, 'Dafalgan', 'Paracétamol', 'Comprimé', '500mg', 2.71, 4.67, 1, '2028-01-04', 129, 23, 3),
(9, 'Voltarene', 'Diclofenac', 'Gel', '1%', 1.00, 7.61, 0, '2026-10-15', 107, 13, 5),
(10, 'Aerius', 'Desloratadine', 'Comprimé', '5mg', 3.25, 5.56, 1, '2026-09-27', 188, 12, 8),
(11, 'Gaviscon', 'Alginate', 'Suspension', 'Sachet', 3.30, 7.20, 1, '2024-12-08', 113, 25, 4),
(12, 'Kardegic', 'Acétylsalicylique', 'Sachet', '75mg', 2.00, 3.66, 1, '2027-05-10', 185, 23, 9),
(13, 'Levothyrox', 'Lévothyroxine', 'Comprimé', '100µg', 1.73, 3.25, 1, '2028-02-09', 87, 29, 8),
(14, 'Plavix', 'Clopidogrel', 'Comprimé', '75mg', 15.27, 21.66, 1, '2025-08-11', 67, 25, 6),
(15, 'Tahor', 'Atorvastatine', 'Comprimé', '10mg', 9.28, 13.60, 1, '2027-03-10', 86, 13, 3),
(16, 'Efferalgan', 'Paracétamol', 'Comprimé effervescent', '1000mg', 1.56, 2.62, 0, '2026-09-22', 143, 21, 5),
(17, 'Lysopaine', 'Cétylpyridinium', 'Pastille', 'Sans sucre', 3.19, 5.64, 0, '2025-03-18', 176, 25, 9),
(18, 'Strepsils', 'Amylmétacrésol', 'Pastille', 'Miel Citron', 3.56, 6.33, 0, '2024-02-20', 73, 23, 10),
(19, 'Imodium', 'Lopéramide', 'Gélule', '2mg', 1.00, 4.67, 0, '2024-04-04', 62, 15, 10),
(20, 'Augmentin', 'Amoxicilline/Acide clavulanique', 'Comprimé', '1g/125mg', 6.50, 10.59, 1, '2027-07-15', 39, 29, 9),
(21, 'Doliprane', 'Paracétamol', 'Comprimé', '1000mg', 1.46, 2.38, 0, '2025-08-04', 144, 21, 2),
(22, 'Advil', 'Ibuprofène', 'Comprimé', '400mg', 1.90, 3.71, 0, '2028-05-02', 90, 10, 10),
(23, 'Amoxicilline', 'Amoxicilline', 'Gélule', '500mg', 3.34, 6.00, 1, '2025-02-01', 323, 16, 6),
(24, 'Spasfon', 'Phloroglucinol', 'Lyophilisat', '80mg', 2.04, 4.10, 0, '2027-07-18', 181, 24, 4),
(25, 'Smecta', 'Diosmectite', 'Sachet', '3g', 1.99, 4.01, 0, '2026-03-15', 178, 12, 4),
(26, 'Fervex', 'Paracétamol', 'Sachet', 'Adultes', 2.99, 5.56, 0, '2024-10-24', 187, 28, 5),
(27, 'Ventoline', 'Salbutamol', 'Inhalateur', '100µg', 4.78, 10.43, 1, '2024-10-26', 94, 24, 3),
(28, 'Dafalgan', 'Paracétamol', 'Comprimé', '500mg', 2.85, 4.46, 1, '2026-05-22', 52, 13, 7),
(29, 'Voltarene', 'Diclofenac', 'Gel', '1%', 4.52, 7.32, 0, '2026-04-20', 66, 25, 4),
(30, 'Aerius', 'Desloratadine', 'Comprimé', '5mg', 2.87, 5.68, 1, '2024-07-04', 101, 26, 2),
(31, 'Gaviscon', 'Alginate', 'Suspension', 'Sachet', 3.22, 5.93, 0, '2024-04-26', 106, 17, 1),
(32, 'Kardegic', 'Acétylsalicylique', 'Sachet', '75mg', 1.91, 3.81, 1, '2027-01-24', 131, 17, 5),
(33, 'Levothyrox', 'Lévothyroxine', 'Comprimé', '100µg', 1.74, 3.21, 1, '2025-11-02', 66, 21, 3),
(34, 'Plavix', 'Clopidogrel', 'Comprimé', '75mg', 13.88, 22.92, 1, '2028-06-06', 60, 20, 3),
(35, 'Tahor', 'Atorvastatine', 'Comprimé', '10mg', 7.79, 13.78, 1, '2028-08-05', 177, 30, 1),
(36, 'Efferalgan', 'Paracétamol', 'Comprimé effervescent', '1000mg', 1.57, 2.79, 0, '2024-05-21', 192, 19, 9),
(37, 'Lysopaine', 'Cétylpyridinium', 'Pastille', 'Sans sucre', 3.48, 5.90, 0, '2027-08-06', 57, 20, 7),
(38, 'Strepsils', 'Amylmétacrésol', 'Pastille', 'Miel Citron', 3.19, 6.13, 0, '2025-03-09', 137, 26, 4),
(39, 'Imodium', 'Lopéramide', 'Gélule', '2mg', 2.52, 4.92, 0, '2028-06-11', 160, 12, 6),
(40, 'Augmentin', 'Amoxicilline/Acide clavulanique', 'Comprimé', '1g/125mg', 6.69, 10.46, 1, '2027-02-09', 81, 29, 6),
(41, 'Doliprane', 'Paracétamol', 'Comprimé', '1000mg', 1.38, 2.39, 0, '2025-06-28', 84, 26, 1),
(42, 'Advil', 'Ibuprofène', 'Comprimé', '400mg', 2.00, 4.09, 0, '2026-05-13', 106, 20, 2),
(43, 'Amoxicilline', 'Amoxicilline', 'Gélule', '500mg', 3.74, 5.98, 1, '2024-07-22', 188, 25, 1),
(44, 'Spasfon', 'Phloroglucinol', 'Lyophilisat', '80mg', 1.99, 4.14, 0, '2026-11-10', 187, 27, 5),
(45, 'Smecta', 'Diosmectite', 'Sachet', '3g', 2.12, 3.79, 0, '2027-06-23', 122, 11, 4),
(46, 'Fervex', 'Paracétamol', 'Sachet', 'Adultes', 2.84, 5.53, 0, '2025-01-18', 100, 26, 4),
(47, 'Ventoline', 'Salbutamol', 'Inhalateur', '100µg', 4.37, 10.13, 1, '2027-05-21', 120, 26, 1),
(48, 'Dafalgan', 'Paracétamol', 'Comprimé', '500mg', 3.05, 4.56, 1, '2028-02-05', 53, 13, 9),
(49, 'Voltarene', 'Diclofenac', 'Gel', '1%', 4.02, 7.23, 0, '2028-09-13', 69, 23, 4),
(50, 'Aerius', 'Desloratadine', 'Comprimé', '5mg', 3.38, 5.54, 1, '2026-03-21', 160, 27, 1);

-- --------------------------------------------------------

--
-- Table structure for table `utilisateur`
--

CREATE TABLE `utilisateur` (
  `id` int NOT NULL,
  `username` varchar(50) NOT NULL,
  `password` varchar(255) DEFAULT NULL,
  `role` varchar(20) NOT NULL
) ENGINE=InnoDB DEFAULT CHARSET=utf8mb4 COLLATE=utf8mb4_unicode_ci;

--
-- Dumping data for table `utilisateur`
--

INSERT INTO `utilisateur` (`id`, `username`, `password`, `role`) VALUES
(4, 'admin', '$2a$12$/juOArKYutEwrx0MZq3eSOvJATwKaqkLaapA6eBuoB1BBaOxjsOOm', 'ADMIN'),
(5, 'dimi', '$2a$12$Bo/YpStr7g5Em0uBtv3amuL39TYDRutN4ORWi2DOd8hEU8g6tCBnm', 'PHARMACIEN'),
(7, 'test', '$2a$12$RZUFYyQK130WPpmI9Af0R.MlT5zqAG9qJwLfNDVycTCNwQz8tor3m', 'PHARMACIEN'),
(9, 'test1', '$2a$12$/lWfg9v0Y5TmM62UKYbj3.pZB5nWAVjbik5wWGHBwEpcDSPyTxK7W', 'PHARMACIEN'),
(10, 'dimitry', '$2a$12$TFKASbCqyw0Tr6UpkTH2mecdSzsf7tlSMq5O5LCnktj30uIh0aHze', 'PHARMACIEN'),
(11, 'test2', '$2a$12$6ITqfHSrdX2X21W9IdHDLemTrGaC1JnAiwhTyX1Fl73FhxM/qH9MW', 'PHARMACIEN'),
(12, 'dimi2', '$2a$12$Jd1icnEHsQEyCMycDk66vOUq6WmVWKNfFJwJNu/6vw7Yh2YNNFZRa', 'ADMIN');

-- --------------------------------------------------------

--
-- Table structure for table `vente`
--

CREATE TABLE `vente` (
  `id` int NOT NULL,
  `date_vente` datetime DEFAULT CURRENT_TIMESTAMP,
  `montant_total` decimal(10,2) DEFAULT NULL,
  `sur_ordonnance` tinyint(1) DEFAULT '0'
) ENGINE=InnoDB DEFAULT CHARSET=utf8mb4 COLLATE=utf8mb4_unicode_ci;

--
-- Dumping data for table `vente`
--

INSERT INTO `vente` (`id`, `date_vente`, `montant_total`, `sur_ordonnance`) VALUES
(1, '2025-01-01 02:02:12', 15.32, 1),
(2, '2025-01-01 02:29:12', 17.79, 0),
(3, '2025-01-02 00:51:26', 21.97, 1),
(4, '2025-01-02 22:06:37', 66.84, 1),
(5, '2025-01-03 07:24:57', 54.31, 1),
(6, '2025-01-08 06:30:59', 54.82, 1),
(7, '2025-01-08 13:47:22', 68.61, 1),
(8, '2025-01-08 18:14:27', 13.14, 1),
(9, '2025-01-09 20:56:00', 79.96, 1),
(10, '2025-01-10 16:37:24', 61.73, 1),
(11, '2025-01-10 17:14:01', 28.19, 1),
(12, '2025-01-10 23:03:48', 64.08, 1),
(13, '2025-01-12 00:51:42', 56.25, 1),
(14, '2025-01-12 17:25:33', 35.36, 1),
(15, '2025-01-13 10:44:12', 101.12, 1),
(16, '2025-01-13 17:54:39', 55.86, 1),
(17, '2025-01-15 02:59:47', 51.14, 1),
(18, '2025-01-15 12:57:51', 19.32, 1),
(19, '2025-01-15 15:15:05', 41.87, 1),
(20, '2025-01-15 18:20:52', 45.75, 0),
(21, '2025-01-16 19:13:18', 36.12, 1),
(22, '2025-01-19 00:18:36', 8.31, 0),
(23, '2025-01-20 23:54:13', 54.16, 1),
(24, '2025-01-21 21:07:01', 44.71, 1),
(25, '2025-01-24 12:35:46', 22.17, 1),
(26, '2025-01-25 14:05:55', 58.32, 1),
(27, '2025-01-27 04:38:08', 51.40, 1),
(28, '2025-01-29 19:49:22', 22.77, 1),
(29, '2025-02-01 00:14:29', 22.91, 1),
(30, '2025-02-01 23:10:12', 76.55, 1),
(31, '2025-02-03 04:48:59', 58.23, 1),
(32, '2025-02-05 05:18:16', 57.32, 1),
(33, '2025-02-08 18:19:45', 11.04, 1),
(34, '2025-02-09 10:47:49', 44.72, 1),
(35, '2025-02-12 11:48:02', 2.54, 0),
(36, '2025-02-14 01:03:12', 20.20, 1),
(37, '2025-02-14 21:31:57', 30.43, 0),
(38, '2025-02-15 18:37:44', 34.23, 0),
(39, '2025-02-19 09:29:52', 42.41, 1),
(40, '2025-02-20 11:39:56', 58.23, 1),
(41, '2025-02-20 12:50:26', 107.11, 1),
(42, '2025-02-20 19:55:50', 35.39, 1),
(43, '2025-02-22 02:44:54', 52.02, 1),
(44, '2025-02-22 13:43:25', 4.06, 0),
(45, '2025-02-24 08:55:22', 44.35, 1),
(46, '2025-02-24 18:04:01', 130.36, 1),
(47, '2025-02-25 02:56:55', 25.68, 0),
(48, '2025-02-25 09:04:32', 57.83, 1),
(49, '2025-02-25 22:08:41', 15.87, 0),
(50, '2025-02-26 12:31:35', 40.92, 1),
(51, '2025-02-27 10:04:17', 65.88, 1),
(52, '2025-02-28 03:26:01', 82.64, 1),
(53, '2025-02-28 20:48:46', 84.39, 1),
(54, '2025-03-01 01:09:51', 8.69, 0),
(55, '2025-03-05 07:07:02', 9.70, 1),
(56, '2025-03-08 02:58:41', 64.92, 1),
(57, '2025-03-10 18:36:49', 10.78, 1),
(58, '2025-03-16 00:22:52', 73.47, 1),
(59, '2025-03-16 03:43:12', 40.94, 1),
(60, '2025-03-16 06:50:43', 56.20, 1),
(61, '2025-03-16 20:38:32', 77.75, 1),
(62, '2025-03-17 21:53:57', 44.91, 1),
(63, '2025-03-19 23:25:18', 39.64, 1),
(64, '2025-03-21 10:49:16', 106.28, 1),
(65, '2025-03-21 22:00:36', 7.54, 1),
(66, '2025-03-22 08:19:05', 63.02, 1),
(67, '2025-03-26 01:59:55', 46.94, 1),
(68, '2025-03-26 15:58:07', 17.83, 1),
(69, '2025-03-27 15:57:15', 15.87, 0),
(70, '2025-03-31 23:48:48', 86.93, 1),
(71, '2025-04-02 16:10:14', 54.71, 1),
(72, '2025-04-04 20:52:37', 46.21, 1),
(73, '2025-04-06 06:37:04', 28.14, 0),
(74, '2025-04-07 00:50:06', 32.31, 0),
(75, '2025-04-09 06:51:39', 51.46, 1),
(76, '2025-04-09 15:13:29', 50.17, 0),
(77, '2025-04-10 06:10:03', 78.45, 1),
(78, '2025-04-14 23:02:28', 47.66, 1),
(79, '2025-04-18 18:00:37', 58.41, 1),
(80, '2025-04-19 06:50:50', 52.89, 1),
(81, '2025-04-19 09:49:36', 48.97, 1),
(82, '2025-04-19 22:15:23', 13.48, 1),
(83, '2025-04-20 13:24:43', 65.93, 1),
(84, '2025-04-21 09:26:26', 20.73, 1),
(85, '2025-04-22 16:12:19', 22.07, 0),
(86, '2025-04-24 05:25:33', 34.67, 1),
(87, '2025-04-27 09:27:31', 32.08, 1),
(88, '2025-04-28 14:37:20', 14.45, 0),
(89, '2025-04-28 19:36:17', 70.96, 1),
(90, '2025-04-29 11:18:38', 4.84, 0),
(91, '2025-04-29 14:23:27', 39.93, 1),
(92, '2025-04-30 19:59:12', 65.97, 1),
(93, '2025-05-05 09:19:42', 7.14, 0),
(94, '2025-05-08 19:13:12', 8.64, 0),
(95, '2025-05-08 22:15:59', 24.00, 1),
(96, '2025-05-09 03:53:02', 53.59, 1),
(97, '2025-05-09 06:35:38', 12.96, 0),
(98, '2025-05-09 07:08:20', 13.53, 1),
(99, '2025-05-11 11:03:53', 33.69, 1),
(100, '2025-05-12 21:56:49', 16.49, 1),
(101, '2025-05-13 04:28:10', 2.42, 0),
(102, '2025-05-13 08:50:53', 33.98, 1),
(103, '2025-05-13 11:38:04', 51.87, 1),
(104, '2025-05-15 03:37:49', 24.58, 1),
(105, '2025-05-15 05:33:20', 72.63, 1),
(106, '2025-05-15 13:32:31', 73.05, 1),
(107, '2025-05-15 18:50:19', 26.40, 1),
(108, '2025-05-15 20:42:58', 30.18, 1),
(109, '2025-05-16 06:24:36', 8.76, 1),
(110, '2025-05-16 07:30:20', 39.75, 1),
(111, '2025-05-20 04:16:22', 58.01, 1),
(112, '2025-05-22 15:47:45', 8.56, 0),
(113, '2025-05-22 16:35:01', 46.26, 1),
(114, '2025-05-26 13:44:31', 54.64, 1),
(115, '2025-05-27 02:15:45', 36.36, 0),
(116, '2025-05-28 09:23:16', 51.25, 1),
(117, '2025-05-28 12:33:18', 54.15, 1),
(118, '2025-05-30 04:14:13', 10.13, 1),
(119, '2025-05-30 14:44:06', 38.36, 1),
(120, '2025-05-31 03:56:09', 45.54, 1),
(121, '2025-06-01 01:27:32', 76.97, 1),
(122, '2025-06-01 06:06:51', 65.15, 1),
(123, '2025-06-02 09:15:35', 71.31, 1),
(124, '2025-06-03 08:06:16', 16.20, 0),
(125, '2025-06-04 20:13:57', 18.04, 1),
(126, '2025-06-06 13:25:24', 63.55, 1),
(127, '2025-06-09 16:24:41', 23.12, 1),
(128, '2025-06-09 22:12:18', 22.43, 1),
(129, '2025-06-14 16:02:49', 32.64, 1),
(130, '2025-06-15 02:33:21', 45.22, 1),
(131, '2025-06-16 16:19:30', 57.30, 1),
(132, '2025-06-17 00:29:24', 56.64, 1),
(133, '2025-06-17 19:41:18', 52.31, 1),
(134, '2025-06-18 02:58:41', 62.62, 1),
(135, '2025-06-19 14:10:35', 89.21, 1),
(136, '2025-06-20 09:28:29', 104.92, 1),
(137, '2025-06-20 14:52:56', 43.46, 1),
(138, '2025-06-22 03:47:09', 15.64, 0),
(139, '2025-06-23 07:01:38', 84.28, 1),
(140, '2025-06-23 08:16:34', 34.60, 1),
(141, '2025-06-25 21:42:27', 49.24, 0),
(142, '2025-06-27 22:08:06', 42.10, 1),
(143, '2025-06-29 11:34:34', 43.85, 1),
(144, '2025-06-30 20:23:28', 7.82, 0),
(145, '2025-07-02 14:00:34', 28.09, 0),
(146, '2025-07-02 15:42:08', 11.60, 1),
(147, '2025-07-03 03:42:07', 12.03, 1),
(148, '2025-07-04 04:53:07', 35.48, 1),
(149, '2025-07-06 06:59:46', 20.18, 1),
(150, '2025-07-09 02:14:28', 56.54, 1),
(151, '2025-07-09 07:21:51', 13.72, 1),
(152, '2025-07-09 14:04:42', 22.16, 1),
(153, '2025-07-10 19:32:31', 42.68, 1),
(154, '2025-07-13 03:05:15', 16.61, 1),
(155, '2025-07-14 01:31:45', 2.73, 0),
(156, '2025-07-15 08:16:48', 17.81, 0),
(157, '2025-07-15 14:33:04', 44.13, 1),
(158, '2025-07-16 00:18:18', 47.97, 1),
(159, '2025-07-19 01:39:24', 79.09, 1),
(160, '2025-07-19 12:39:20', 31.20, 1),
(161, '2025-07-19 22:42:53', 2.77, 0),
(162, '2025-07-22 21:14:23', 51.86, 1),
(163, '2025-07-23 16:14:00', 52.04, 1),
(164, '2025-07-26 04:09:05', 68.01, 1),
(165, '2025-07-26 17:47:45', 63.33, 1),
(166, '2025-07-27 01:57:58', 24.70, 0),
(167, '2025-08-04 08:38:22', 32.01, 1),
(168, '2025-08-08 15:02:37', 12.62, 0),
(169, '2025-08-09 19:48:55', 6.07, 0),
(170, '2025-08-12 10:52:50', 46.03, 1),
(171, '2025-08-12 13:19:49', 66.08, 1),
(172, '2025-08-13 10:19:46', 50.65, 0),
(173, '2025-08-14 04:17:28', 86.63, 1),
(174, '2025-08-16 10:31:13', 17.26, 1),
(175, '2025-08-17 03:10:33', 34.06, 0),
(176, '2025-08-17 07:52:25', 60.70, 1),
(177, '2025-08-17 09:13:31', 36.62, 0),
(178, '2025-08-18 07:30:41', 31.05, 1),
(179, '2025-08-18 18:25:08', 42.47, 1),
(180, '2025-08-20 15:24:34', 31.44, 1),
(181, '2025-08-23 04:11:30', 57.82, 1),
(182, '2025-08-23 22:55:13', 8.50, 1),
(183, '2025-08-31 02:31:17', 30.43, 0),
(184, '2025-08-31 17:25:19', 5.96, 0),
(185, '2025-09-01 16:07:27', 97.41, 1),
(186, '2025-09-02 19:01:09', 49.77, 1),
(187, '2025-09-03 09:09:20', 33.09, 1),
(188, '2025-09-04 07:38:52', 44.72, 0),
(189, '2025-09-04 14:38:41', 28.44, 1),
(190, '2025-09-07 22:07:38', 67.31, 1),
(191, '2025-09-09 00:29:08', 7.27, 0),
(192, '2025-09-14 23:58:44', 32.75, 0),
(193, '2025-09-15 02:07:44', 28.58, 1),
(194, '2025-09-15 10:46:25', 3.77, 0),
(195, '2025-09-18 05:10:45', 28.01, 1),
(196, '2025-09-21 12:22:29', 35.31, 1),
(197, '2025-09-23 13:03:05', 9.16, 1),
(198, '2025-09-24 18:31:56', 15.03, 0),
(199, '2025-09-24 22:22:10', 31.58, 1),
(200, '2025-09-26 01:30:29', 58.90, 1),
(201, '2025-09-28 03:10:42', 57.75, 1),
(202, '2025-10-01 19:49:19', 63.96, 1),
(203, '2025-10-05 03:13:11', 48.02, 1),
(204, '2025-10-05 10:33:11', 96.56, 1),
(205, '2025-10-05 23:26:56', 65.11, 1),
(206, '2025-10-09 14:24:53', 42.47, 1),
(207, '2025-10-09 18:10:22', 12.14, 0),
(208, '2025-10-10 07:19:25', 47.15, 1),
(209, '2025-10-12 16:54:24', 15.33, 1),
(210, '2025-10-13 07:04:10', 42.77, 1),
(211, '2025-10-14 01:45:51', 4.00, 0),
(212, '2025-10-15 19:06:33', 59.31, 1),
(213, '2025-10-17 06:14:28', 55.67, 0),
(214, '2025-10-18 09:07:57', 40.89, 1),
(215, '2025-10-19 12:34:24', 24.45, 1),
(216, '2025-10-26 21:51:38', 19.49, 1),
(217, '2025-10-28 04:25:24', 62.90, 1),
(218, '2025-10-29 13:54:30', 64.79, 1),
(219, '2025-10-29 16:11:43', 74.35, 1),
(220, '2025-10-29 16:30:40', 21.42, 0),
(221, '2025-10-30 14:41:30', 28.78, 1),
(222, '2025-10-31 08:56:04', 5.72, 1),
(223, '2025-11-01 19:24:41', 72.13, 1),
(224, '2025-11-01 20:49:54', 33.93, 1),
(225, '2025-11-06 00:23:08', 11.75, 0),
(226, '2025-11-07 03:56:02', 45.06, 1),
(227, '2025-11-07 07:16:21', 87.57, 1),
(228, '2025-11-08 11:02:32', 36.33, 1),
(229, '2025-11-09 04:29:37', 7.82, 0),
(230, '2025-11-12 01:27:23', 8.31, 0),
(231, '2025-11-13 02:58:39', 20.60, 1),
(232, '2025-11-13 03:21:42', 73.10, 1),
(233, '2025-11-14 19:47:31', 22.15, 1),
(234, '2025-11-15 12:41:18', 39.88, 1),
(235, '2025-11-16 20:39:36', 30.89, 0),
(236, '2025-11-18 06:14:05', 20.98, 1),
(237, '2025-11-18 12:55:37', 69.52, 1),
(238, '2025-11-19 21:25:37', 84.45, 1),
(239, '2025-11-20 11:52:17', 11.60, 1),
(240, '2025-11-21 18:35:02', 8.00, 0),
(241, '2025-11-23 03:27:47', 21.35, 1),
(242, '2025-11-23 05:25:18', 42.33, 1),
(243, '2025-11-24 13:55:24', 53.59, 1),
(244, '2025-11-26 02:17:43', 50.51, 1),
(245, '2025-11-26 11:19:08', 64.72, 0),
(246, '2025-11-26 13:48:30', 15.70, 0),
(247, '2025-11-26 19:38:49', 15.36, 0),
(248, '2025-11-27 07:39:07', 55.16, 1),
(249, '2025-11-28 00:50:39', 60.09, 1),
(250, '2025-11-29 07:27:31', 17.89, 1),
(251, '2025-11-30 19:11:45', 16.60, 1),
(252, '2025-12-02 04:14:47', 52.56, 1),
(253, '2025-12-02 13:14:01', 33.83, 1),
(254, '2025-12-03 08:33:03', 123.94, 1),
(255, '2025-12-03 12:36:45', 11.44, 1),
(256, '2025-12-04 00:33:46', 55.76, 1),
(257, '2025-12-04 00:57:48', 85.64, 1),
(258, '2025-12-04 15:19:48', 37.58, 1),
(259, '2025-12-05 08:31:16', 32.99, 1),
(260, '2025-12-05 09:18:47', 69.22, 1),
(261, '2025-12-09 18:58:43', 22.99, 1),
(262, '2025-12-15 12:15:21', 65.99, 1),
(263, '2025-12-15 17:00:37', 42.75, 1),
(264, '2025-12-16 13:44:24', 3.91, 0),
(265, '2025-12-18 16:52:44', 43.53, 1),
(266, '2025-12-20 08:19:08', 42.38, 1),
(267, '2025-12-21 11:51:26', 11.85, 1),
(268, '2025-12-21 17:27:44', 20.70, 1),
(269, '2025-12-21 23:51:44', 60.33, 1),
(270, '2025-12-27 19:57:39', 42.12, 1),
(271, '2025-12-28 14:22:41', 81.21, 1),
(272, '2025-12-29 18:21:34', 7.14, 0),
(273, '2025-12-31 03:13:27', 93.63, 1),
(274, '2025-12-31 17:12:39', 78.18, 1),
(275, '2026-01-04 00:47:54', 31.74, 1),
(276, '2026-01-04 07:38:45', 20.60, 1),
(277, '2026-01-06 01:35:29', 35.49, 1),
(278, '2026-01-08 08:11:59', 52.32, 1),
(279, '2026-01-10 15:23:47', 36.08, 1),
(280, '2026-01-11 22:48:28', 53.46, 1),
(281, '2026-01-14 07:42:36', 45.82, 1),
(282, '2026-01-16 21:11:37', 40.73, 1),
(283, '2026-01-18 10:00:50', 62.43, 1),
(284, '2026-01-20 12:17:55', 27.44, 1),
(285, '2026-01-22 07:41:53', 8.76, 1),
(286, '2026-01-25 13:29:57', 3.24, 1),
(287, '2026-01-27 01:02:32', 23.36, 1),
(288, '2026-01-29 01:27:26', 68.58, 1),
(289, '2026-02-01 14:26:41', 56.07, 0),
(290, '2026-02-02 16:41:38', 5.80, 1),
(291, '2026-02-05 05:41:05', 29.62, 1),
(292, '2026-02-06 11:05:18', 53.46, 1),
(293, '2026-02-06 12:04:34', 39.58, 1),
(294, '2026-02-07 04:34:09', 18.21, 0),
(295, '2026-02-07 05:43:15', 22.62, 1),
(296, '2026-02-10 02:24:47', 51.04, 1),
(297, '2026-02-10 02:55:17', 38.37, 1),
(298, '2026-02-13 20:16:11', 78.25, 1),
(299, '2026-02-14 09:51:22', 64.94, 1),
(300, '2026-02-14 23:38:05', 52.24, 1),
(301, '2026-02-15 13:23:47', 148.10, 0),
(302, '2026-02-15 14:15:35', 48.00, 0),
(303, '2026-02-15 14:17:19', 4.08, 0),
(304, '2026-02-15 14:18:32', 6.67, 0),
(305, '2026-02-15 14:31:33', 320.00, 0),
(306, '2026-02-15 14:46:26', 34.08, 0),
(307, '2026-02-16 16:53:10', 1267.30, 0);

--
-- Indexes for dumped tables
--

--
-- Indexes for table `commande`
--
ALTER TABLE `commande`
  ADD PRIMARY KEY (`id`),
  ADD KEY `fournisseur_id` (`fournisseur_id`);

--
-- Indexes for table `fournisseur`
--
ALTER TABLE `fournisseur`
  ADD PRIMARY KEY (`id`);

--
-- Indexes for table `journal_activite`
--
ALTER TABLE `journal_activite`
  ADD PRIMARY KEY (`id`),
  ADD KEY `utilisateur_id` (`utilisateur_id`);

--
-- Indexes for table `ligne_commande`
--
ALTER TABLE `ligne_commande`
  ADD PRIMARY KEY (`id`),
  ADD KEY `commande_id` (`commande_id`),
  ADD KEY `medicament_id` (`medicament_id`);

--
-- Indexes for table `ligne_vente`
--
ALTER TABLE `ligne_vente`
  ADD PRIMARY KEY (`id`),
  ADD KEY `vente_id` (`vente_id`),
  ADD KEY `medicament_id` (`medicament_id`);

--
-- Indexes for table `medicament`
--
ALTER TABLE `medicament`
  ADD PRIMARY KEY (`id`),
  ADD KEY `fk_med_fourn` (`fournisseur_id`);

--
-- Indexes for table `utilisateur`
--
ALTER TABLE `utilisateur`
  ADD PRIMARY KEY (`id`),
  ADD UNIQUE KEY `username` (`username`);

--
-- Indexes for table `vente`
--
ALTER TABLE `vente`
  ADD PRIMARY KEY (`id`);

--
-- AUTO_INCREMENT for dumped tables
--

--
-- AUTO_INCREMENT for table `commande`
--
ALTER TABLE `commande`
  MODIFY `id` int NOT NULL AUTO_INCREMENT, AUTO_INCREMENT=111;

--
-- AUTO_INCREMENT for table `fournisseur`
--
ALTER TABLE `fournisseur`
  MODIFY `id` int NOT NULL AUTO_INCREMENT, AUTO_INCREMENT=14;

--
-- AUTO_INCREMENT for table `journal_activite`
--
ALTER TABLE `journal_activite`
  MODIFY `id` int NOT NULL AUTO_INCREMENT, AUTO_INCREMENT=179;

--
-- AUTO_INCREMENT for table `ligne_commande`
--
ALTER TABLE `ligne_commande`
  MODIFY `id` int NOT NULL AUTO_INCREMENT, AUTO_INCREMENT=307;

--
-- AUTO_INCREMENT for table `ligne_vente`
--
ALTER TABLE `ligne_vente`
  MODIFY `id` int NOT NULL AUTO_INCREMENT, AUTO_INCREMENT=1060;

--
-- AUTO_INCREMENT for table `medicament`
--
ALTER TABLE `medicament`
  MODIFY `id` int NOT NULL AUTO_INCREMENT, AUTO_INCREMENT=51;

--
-- AUTO_INCREMENT for table `utilisateur`
--
ALTER TABLE `utilisateur`
  MODIFY `id` int NOT NULL AUTO_INCREMENT, AUTO_INCREMENT=13;

--
-- AUTO_INCREMENT for table `vente`
--
ALTER TABLE `vente`
  MODIFY `id` int NOT NULL AUTO_INCREMENT, AUTO_INCREMENT=308;

--
-- Constraints for dumped tables
--

--
-- Constraints for table `commande`
--
ALTER TABLE `commande`
  ADD CONSTRAINT `commande_ibfk_1` FOREIGN KEY (`fournisseur_id`) REFERENCES `fournisseur` (`id`);

--
-- Constraints for table `journal_activite`
--
ALTER TABLE `journal_activite`
  ADD CONSTRAINT `journal_activite_ibfk_1` FOREIGN KEY (`utilisateur_id`) REFERENCES `utilisateur` (`id`);

--
-- Constraints for table `ligne_commande`
--
ALTER TABLE `ligne_commande`
  ADD CONSTRAINT `ligne_commande_ibfk_1` FOREIGN KEY (`commande_id`) REFERENCES `commande` (`id`) ON DELETE CASCADE,
  ADD CONSTRAINT `ligne_commande_ibfk_2` FOREIGN KEY (`medicament_id`) REFERENCES `medicament` (`id`);

--
-- Constraints for table `ligne_vente`
--
ALTER TABLE `ligne_vente`
  ADD CONSTRAINT `ligne_vente_ibfk_1` FOREIGN KEY (`vente_id`) REFERENCES `vente` (`id`) ON DELETE CASCADE,
  ADD CONSTRAINT `ligne_vente_ibfk_2` FOREIGN KEY (`medicament_id`) REFERENCES `medicament` (`id`);

--
-- Constraints for table `medicament`
--
ALTER TABLE `medicament`
  ADD CONSTRAINT `fk_med_fourn` FOREIGN KEY (`fournisseur_id`) REFERENCES `fournisseur` (`id`);
COMMIT;

/*!40101 SET CHARACTER_SET_CLIENT=@OLD_CHARACTER_SET_CLIENT */;
/*!40101 SET CHARACTER_SET_RESULTS=@OLD_CHARACTER_SET_RESULTS */;
/*!40101 SET COLLATION_CONNECTION=@OLD_COLLATION_CONNECTION */;
